id,question_id,text,bucket,option_id,source,group_id,split
SYNTH-V1-D1-CALIBRATION-001,D1,I have already separated my house and retirement money. This particular pot is simply to build wealth.,clarity,D1_WEALTH,fictional_authored_2026-10-04_v1,D1:calibration:D1_WEALTH:situational,calibration
SYNTH-V1-D1-CALIBRATION-002,D1,"When you ask what this amount is for, I have no planned purchase: I just want it to grow over time.",clarity,D1_WEALTH,fictional_authored_2026-10-04_v1,D1:calibration:D1_WEALTH:situational,calibration
SYNTH-V1-D1-CALIBRATION-003,D1,This is the spare wealth-building pot in my budget; nothing specific has been earmarked from it.,clarity,D1_WEALTH,fictional_authored_2026-10-04_v1,D1:calibration:D1_WEALTH:situational,calibration
SYNTH-V1-D1-CALIBRATION-004,D1,I set the amount aside to increase my overall wealth rather than to pay for an identified goal.,clarity,D1_WEALTH,fictional_authored_2026-10-04_v1,D1:calibration:D1_WEALTH:situational,calibration
SYNTH-V1-D1-CALIBRATION-005,D1,"The conversation covers only my general nest egg, which has no particular intended expense.",clarity,D1_WEALTH,fictional_authored_2026-10-04_v1,D1:calibration:D1_WEALTH:situational,calibration
SYNTH-V1-D1-CALIBRATION-006,D1,"I rent at present, and the included money is specifically the deposit for a place of my own.",clarity,D1_HOME,fictional_authored_2026-10-04_v1,D1:calibration:D1_HOME:situational,calibration
SYNTH-V1-D1-CALIBRATION-007,D1,My plan for this amount is to purchase a bungalow where I will live.,clarity,D1_HOME,fictional_authored_2026-10-04_v1,D1:calibration:D1_HOME:situational,calibration
SYNTH-V1-D1-CALIBRATION-008,D1,The pot in this conversation is the money allocated to buying our family home.,clarity,D1_HOME,fictional_authored_2026-10-04_v1,D1:calibration:D1_HOME:situational,calibration
SYNTH-V1-D1-CALIBRATION-009,D1,"I have another general savings pot, but this one is entirely for my house purchase.",clarity,D1_HOME,fictional_authored_2026-10-04_v1,D1:calibration:D1_HOME:situational,calibration
SYNTH-V1-D1-CALIBRATION-010,D1,The reason I set this sum aside was to fund the purchase of a residential flat.,clarity,D1_HOME,fictional_authored_2026-10-04_v1,D1:calibration:D1_HOME:situational,calibration
SYNTH-V1-D1-CALIBRATION-011,D1,The builder's invoice for our extension is what this amount has been set aside to pay.,clarity,D1_PURCHASE,fictional_authored_2026-10-04_v1,D1:calibration:D1_PURCHASE:situational,calibration
SYNTH-V1-D1-CALIBRATION-012,D1,We already own a home. This particular sum is for purchasing a motorbike.,clarity,D1_PURCHASE,fictional_authored_2026-10-04_v1,D1:calibration:D1_PURCHASE:situational,calibration
SYNTH-V1-D1-CALIBRATION-013,D1,I have reserved the included funds to pay next year's postgraduate course fees.,clarity,D1_PURCHASE,fictional_authored_2026-10-04_v1,D1:calibration:D1_PURCHASE:situational,calibration
SYNTH-V1-D1-CALIBRATION-014,D1,The purpose is a single planned payment for a family wedding venue.,clarity,D1_PURCHASE,fictional_authored_2026-10-04_v1,D1:calibration:D1_PURCHASE:situational,calibration
SYNTH-V1-D1-CALIBRATION-015,D1,This is the money allocated to buying equipment for my workshop.,clarity,D1_PURCHASE,fictional_authored_2026-10-04_v1,D1:calibration:D1_PURCHASE:situational,calibration
SYNTH-V1-D1-CALIBRATION-016,D1,My current bills have their own funding; this pot is intended to support me once I retire.,clarity,D1_RETIREMENT,fictional_authored_2026-10-04_v1,D1:calibration:D1_RETIREMENT:situational,calibration
SYNTH-V1-D1-CALIBRATION-017,D1,"When I eventually leave work, I want to use the included savings to fund my retirement.",clarity,D1_RETIREMENT,fictional_authored_2026-10-04_v1,D1:calibration:D1_RETIREMENT:situational,calibration
SYNTH-V1-D1-CALIBRATION-018,D1,"I describe it as wealth building, but the specific reason is paying for my retired years.",clarity,D1_RETIREMENT,fictional_authored_2026-10-04_v1,D1:calibration:D1_RETIREMENT:situational,calibration
SYNTH-V1-D1-CALIBRATION-019,D1,The sum we have agreed to discuss is my retirement nest egg.,clarity,D1_RETIREMENT,fictional_authored_2026-10-04_v1,D1:calibration:D1_RETIREMENT:situational,calibration
SYNTH-V1-D1-CALIBRATION-020,D1,"I set aside this amount for living after retirement, rather than for today's expenses.",clarity,D1_RETIREMENT,fictional_authored_2026-10-04_v1,D1:calibration:D1_RETIREMENT:situational,calibration
SYNTH-V1-D1-CALIBRATION-021,D1,Each month I draw on this sum to keep the lights on and pay the rent.,clarity,D1_LIVING_COSTS,fictional_authored_2026-10-04_v1,D1:calibration:D1_LIVING_COSTS:situational,calibration
SYNTH-V1-D1-CALIBRATION-022,D1,"The amount under discussion is the reserve I use for normal household bills, not a one-off purchase.",clarity,D1_LIVING_COSTS,fictional_authored_2026-10-04_v1,D1:calibration:D1_LIVING_COSTS:situational,calibration
SYNTH-V1-D1-CALIBRATION-023,D1,I allocated this pot to recurring necessities such as food and council tax.,clarity,D1_LIVING_COSTS,fictional_authored_2026-10-04_v1,D1:calibration:D1_LIVING_COSTS:situational,calibration
SYNTH-V1-D1-CALIBRATION-024,D1,My routine expenses come from the money we are discussing.,clarity,D1_LIVING_COSTS,fictional_authored_2026-10-04_v1,D1:calibration:D1_LIVING_COSTS:situational,calibration
SYNTH-V1-D1-CALIBRATION-025,D1,This is the pot that funds regular day-to-day living payments.,clarity,D1_LIVING_COSTS,fictional_authored_2026-10-04_v1,D1:calibration:D1_LIVING_COSTS:situational,calibration
SYNTH-V1-D1-CALIBRATION-026,D1,I have a separate account for bills; the agreed sum is there for surprise expenses.,clarity,D1_EMERGENCIES,fictional_authored_2026-10-04_v1,D1:calibration:D1_EMERGENCIES:situational,calibration
SYNTH-V1-D1-CALIBRATION-027,D1,"If the boiler suddenly failed, this is the fund I intended to use.",clarity,D1_EMERGENCIES,fictional_authored_2026-10-04_v1,D1:calibration:D1_EMERGENCIES:situational,calibration
SYNTH-V1-D1-CALIBRATION-028,D1,The whole included amount was saved as an emergency reserve.,clarity,D1_EMERGENCIES,fictional_authored_2026-10-04_v1,D1:calibration:D1_EMERGENCIES:situational,calibration
SYNTH-V1-D1-CALIBRATION-029,D1,"This pot has been allocated to unplanned costs, rather than any particular purchase.",clarity,D1_EMERGENCIES,fictional_authored_2026-10-04_v1,D1:calibration:D1_EMERGENCIES:situational,calibration
SYNTH-V1-D1-CALIBRATION-030,D1,I call it my rainy-day money because its purpose is covering unforeseen needs.,clarity,D1_EMERGENCIES,fictional_authored_2026-10-04_v1,D1:calibration:D1_EMERGENCIES:situational,calibration
SYNTH-V1-D1-CALIBRATION-031,D1,"The included funds are a charitable endowment I want to create, rather than personal spending money.",clarity,D1_OTHER,fictional_authored_2026-10-04_v1,D1:calibration:D1_OTHER:situational,calibration
SYNTH-V1-D1-CALIBRATION-032,D1,"I am setting up a scholarship, and this particular amount is to fund that scholarship.",clarity,D1_OTHER,fictional_authored_2026-10-04_v1,D1:calibration:D1_OTHER:situational,calibration
SYNTH-V1-D1-CALIBRATION-033,D1,My plan for the pot is to donate it to an animal rescue charity.,clarity,D1_OTHER,fictional_authored_2026-10-04_v1,D1:calibration:D1_OTHER:situational,calibration
SYNTH-V1-D1-CALIBRATION-034,D1,This is the capital I have set aside to launch my bakery business.,clarity,D1_OTHER,fictional_authored_2026-10-04_v1,D1:calibration:D1_OTHER:situational,calibration
SYNTH-V1-D1-CALIBRATION-035,D1,The whole sum in the conversation is intended as a future gift to my grandchildren.,clarity,D1_OTHER,fictional_authored_2026-10-04_v1,D1:calibration:D1_OTHER:situational,calibration
SYNTH-V1-D1-CALIBRATION-036,D1,We agreed to include both my house-deposit fund and my emergency fund; those are two separate parts.,clarity,D1_MULTIPLE,fictional_authored_2026-10-04_v1,D1:calibration:D1_MULTIPLE:situational,calibration
SYNTH-V1-D1-CALIBRATION-037,D1,"Of the included pot, one named part is for a wedding payment and another supports retirement.",clarity,D1_MULTIPLE,fictional_authored_2026-10-04_v1,D1:calibration:D1_MULTIPLE:situational,calibration
SYNTH-V1-D1-CALIBRATION-038,D1,I split this money between routine bills and a different amount intended for buying a van.,clarity,D1_MULTIPLE,fictional_authored_2026-10-04_v1,D1:calibration:D1_MULTIPLE:situational,calibration
SYNTH-V1-D1-CALIBRATION-039,D1,Two purposes definitely apply: a donation reserve and a separate home-purchase reserve.,clarity,D1_MULTIPLE,fictional_authored_2026-10-04_v1,D1:calibration:D1_MULTIPLE:situational,calibration
SYNTH-V1-D1-CALIBRATION-040,D1,The whole scope includes my general wealth-building savings as well as a distinct retirement pot.,clarity,D1_MULTIPLE,fictional_authored_2026-10-04_v1,D1:calibration:D1_MULTIPLE:situational,calibration
SYNTH-V1-D2-CALIBRATION-001,D2,My eighteenth birthday is still ahead of me; right now I'm seventeen.,clarity,D2_UNDER18,fictional_authored_2026-10-04_v1,D2:calibration:D2_UNDER18:situational,calibration
SYNTH-V1-D2-CALIBRATION-002,D2,"For the age-range question, select the band below eighteen for me.",clarity,D2_UNDER18,fictional_authored_2026-10-04_v1,D2:calibration:D2_UNDER18:situational,calibration
SYNTH-V1-D2-CALIBRATION-003,D2,"I turned sixteen this summer, so that is my current age.",clarity,D2_UNDER18,fictional_authored_2026-10-04_v1,D2:calibration:D2_UNDER18:situational,calibration
SYNTH-V1-D2-CALIBRATION-004,D2,The age I can share is thirteen years old.,clarity,D2_UNDER18,fictional_authored_2026-10-04_v1,D2:calibration:D2_UNDER18:situational,calibration
SYNTH-V1-D2-CALIBRATION-005,D2,I haven't reached eighteen; I'm currently fifteen.,clarity,D2_UNDER18,fictional_authored_2026-10-04_v1,D2:calibration:D2_UNDER18:situational,calibration
SYNTH-V1-D2-CALIBRATION-006,D2,I had my twenty-fifth birthday last week; please use that current age.,clarity,D2_AGE18_34,fictional_authored_2026-10-04_v1,D2:calibration:D2_AGE18_34:situational,calibration
SYNTH-V1-D2-CALIBRATION-007,D2,For this conversation my age falls between eighteen and thirty-four.,clarity,D2_AGE18_34,fictional_authored_2026-10-04_v1,D2:calibration:D2_AGE18_34:situational,calibration
SYNTH-V1-D2-CALIBRATION-008,D2,I turned thirty this year.,clarity,D2_AGE18_34,fictional_authored_2026-10-04_v1,D2:calibration:D2_AGE18_34:situational,calibration
SYNTH-V1-D2-CALIBRATION-009,D2,As of today I'm nineteen years old.,clarity,D2_AGE18_34,fictional_authored_2026-10-04_v1,D2:calibration:D2_AGE18_34:situational,calibration
SYNTH-V1-D2-CALIBRATION-010,D2,I can share my age: thirty-three.,clarity,D2_AGE18_34,fictional_authored_2026-10-04_v1,D2:calibration:D2_AGE18_34:situational,calibration
SYNTH-V1-D2-CALIBRATION-011,D2,"I recently celebrated turning forty, and that is my age now.",clarity,D2_AGE35_49,fictional_authored_2026-10-04_v1,D2:calibration:D2_AGE35_49:situational,calibration
SYNTH-V1-D2-CALIBRATION-012,D2,The band covering thirty-five through forty-nine is the one that applies to me.,clarity,D2_AGE35_49,fictional_authored_2026-10-04_v1,D2:calibration:D2_AGE35_49:situational,calibration
SYNTH-V1-D2-CALIBRATION-013,D2,Today I am thirty-eight years old.,clarity,D2_AGE35_49,fictional_authored_2026-10-04_v1,D2:calibration:D2_AGE35_49:situational,calibration
SYNTH-V1-D2-CALIBRATION-014,D2,"My own age is forty-four, not my child's age.",clarity,D2_AGE35_49,fictional_authored_2026-10-04_v1,D2:calibration:D2_AGE35_49:situational,calibration
SYNTH-V1-D2-CALIBRATION-015,D2,I will be fifty next year; right now I'm forty-nine.,clarity,D2_AGE35_49,fictional_authored_2026-10-04_v1,D2:calibration:D2_AGE35_49:situational,calibration
SYNTH-V1-D2-CALIBRATION-016,D2,I reached my fifty-fifth birthday a few months ago.,clarity,D2_AGE50_64,fictional_authored_2026-10-04_v1,D2:calibration:D2_AGE50_64:situational,calibration
SYNTH-V1-D2-CALIBRATION-017,D2,Use the range from fifty through sixty-four for my current age.,clarity,D2_AGE50_64,fictional_authored_2026-10-04_v1,D2:calibration:D2_AGE50_64:situational,calibration
SYNTH-V1-D2-CALIBRATION-018,D2,My age today is fifty-nine years.,clarity,D2_AGE50_64,fictional_authored_2026-10-04_v1,D2:calibration:D2_AGE50_64:situational,calibration
SYNTH-V1-D2-CALIBRATION-019,D2,"I turn sixty-five next month, so I'm still sixty-four.",clarity,D2_AGE50_64,fictional_authored_2026-10-04_v1,D2:calibration:D2_AGE50_64:situational,calibration
SYNTH-V1-D2-CALIBRATION-020,D2,The number I am sharing for myself is fifty-three.,clarity,D2_AGE50_64,fictional_authored_2026-10-04_v1,D2:calibration:D2_AGE50_64:situational,calibration
SYNTH-V1-D2-CALIBRATION-021,D2,I celebrated my seventieth birthday this year.,clarity,D2_AGE65_PLUS,fictional_authored_2026-10-04_v1,D2:calibration:D2_AGE65_PLUS:situational,calibration
SYNTH-V1-D2-CALIBRATION-022,D2,"The final age band, sixty-five and above, applies to me.",clarity,D2_AGE65_PLUS,fictional_authored_2026-10-04_v1,D2:calibration:D2_AGE65_PLUS:situational,calibration
SYNTH-V1-D2-CALIBRATION-023,D2,As of this morning I'm sixty-five years old.,clarity,D2_AGE65_PLUS,fictional_authored_2026-10-04_v1,D2:calibration:D2_AGE65_PLUS:situational,calibration
SYNTH-V1-D2-CALIBRATION-024,D2,I can share that I am seventy-six.,clarity,D2_AGE65_PLUS,fictional_authored_2026-10-04_v1,D2:calibration:D2_AGE65_PLUS:situational,calibration
SYNTH-V1-D2-CALIBRATION-025,D2,My own current age is eighty-three.,clarity,D2_AGE65_PLUS,fictional_authored_2026-10-04_v1,D2:calibration:D2_AGE65_PLUS:situational,calibration
SYNTH-V1-D3-CALIBRATION-001,D3,The figure I mentioned was a goal. At present I have no existing funds to put in scope.,clarity,D3_NO_EXISTING_POT,fictional_authored_2026-10-04_v1,D3:calibration:D3_NO_EXISTING_POT:situational,calibration
SYNTH-V1-D3-CALIBRATION-002,D3,I am planning to start later; no current money has been identified yet.,clarity,D3_NO_EXISTING_POT,fictional_authored_2026-10-04_v1,D3:calibration:D3_NO_EXISTING_POT:situational,calibration
SYNTH-V1-D3-CALIBRATION-003,D3,"For this conversation the existing amount is zero, rather than an unknown positive balance.",clarity,D3_NO_EXISTING_POT,fictional_authored_2026-10-04_v1,D3:calibration:D3_NO_EXISTING_POT:situational,calibration
SYNTH-V1-D3-CALIBRATION-004,D3,There is nothing already saved in the proposed pot.,clarity,D3_NO_EXISTING_POT,fictional_authored_2026-10-04_v1,D3:calibration:D3_NO_EXISTING_POT:situational,calibration
SYNTH-V1-D3-CALIBRATION-005,D3,I haven't got an existing pot to discuss; the plan is to create one in future.,clarity,D3_NO_EXISTING_POT,fictional_authored_2026-10-04_v1,D3:calibration:D3_NO_EXISTING_POT:situational,calibration
SYNTH-V1-D3-CALIBRATION-006,D3,I checked the balance: this particular existing pot contains eight hundred pounds sterling.,clarity,D3_POSITIVE_LT1000,fictional_authored_2026-10-04_v1,D3:calibration:D3_POSITIVE_LT1000:situational,calibration
SYNTH-V1-D3-CALIBRATION-007,D3,Of my current savings I want to include only the EUR 350 already set aside.,clarity,D3_POSITIVE_LT1000,fictional_authored_2026-10-04_v1,D3:calibration:D3_POSITIVE_LT1000:situational,calibration
SYNTH-V1-D3-CALIBRATION-008,D3,The actual money I have now for this scope is nine hundred Canadian dollars.,clarity,D3_POSITIVE_LT1000,fictional_authored_2026-10-04_v1,D3:calibration:D3_POSITIVE_LT1000:situational,calibration
SYNTH-V1-D3-CALIBRATION-009,D3,This is not my goal amount: the included pot currently holds GBP 250.,clarity,D3_POSITIVE_LT1000,fictional_authored_2026-10-04_v1,D3:calibration:D3_POSITIVE_LT1000:situational,calibration
SYNTH-V1-D3-CALIBRATION-010,D3,"For the agreed existing money, choose more than zero but below 1,000 in GBP.",clarity,D3_POSITIVE_LT1000,fictional_authored_2026-10-04_v1,D3:calibration:D3_POSITIVE_LT1000:situational,calibration
SYNTH-V1-D3-CALIBRATION-011,D3,The statement for this present pot shows three thousand pounds sterling.,clarity,D3_FROM1000_LT5000,fictional_authored_2026-10-04_v1,D3:calibration:D3_FROM1000_LT5000:situational,calibration
SYNTH-V1-D3-CALIBRATION-012,D3,"I am including EUR 4200 that I already own, rather than my future target.",clarity,D3_FROM1000_LT5000,fictional_authored_2026-10-04_v1,D3:calibration:D3_FROM1000_LT5000:situational,calibration
SYNTH-V1-D3-CALIBRATION-013,D3,My existing Canadian-dollar savings for this scope total 1500 dollars.,clarity,D3_FROM1000_LT5000,fictional_authored_2026-10-04_v1,D3:calibration:D3_FROM1000_LT5000:situational,calibration
SYNTH-V1-D3-CALIBRATION-014,D3,I have set the conversation amount to the GBP 2200 already in my account.,clarity,D3_FROM1000_LT5000,fictional_authored_2026-10-04_v1,D3:calibration:D3_FROM1000_LT5000:situational,calibration
SYNTH-V1-D3-CALIBRATION-015,D3,"For this current GBP pot, use at least 1,000 but below 5,000.",clarity,D3_FROM1000_LT5000,fictional_authored_2026-10-04_v1,D3:calibration:D3_FROM1000_LT5000:situational,calibration
SYNTH-V1-D3-CALIBRATION-016,D3,I checked the actual current funds we agreed on: seven thousand pounds sterling.,clarity,D3_FROM5000_LT20000,fictional_authored_2026-10-04_v1,D3:calibration:D3_FROM5000_LT20000:situational,calibration
SYNTH-V1-D3-CALIBRATION-017,D3,EUR 14000 is the amount I already have within this conversation's scope.,clarity,D3_FROM5000_LT20000,fictional_authored_2026-10-04_v1,D3:calibration:D3_FROM5000_LT20000:situational,calibration
SYNTH-V1-D3-CALIBRATION-018,D3,Only my present 9000 Canadian dollars should be included.,clarity,D3_FROM5000_LT20000,fictional_authored_2026-10-04_v1,D3:calibration:D3_FROM5000_LT20000:situational,calibration
SYNTH-V1-D3-CALIBRATION-019,D3,The existing GBP balance assigned to this pot is eleven thousand.,clarity,D3_FROM5000_LT20000,fictional_authored_2026-10-04_v1,D3:calibration:D3_FROM5000_LT20000:situational,calibration
SYNTH-V1-D3-CALIBRATION-020,D3,"The band for my current money is 5,000 up to less than 20,000, in pounds.",clarity,D3_FROM5000_LT20000,fictional_authored_2026-10-04_v1,D3:calibration:D3_FROM5000_LT20000:situational,calibration
SYNTH-V1-D3-CALIBRATION-021,D3,The current statement says twenty-seven thousand pounds sterling for this whole pot.,clarity,D3_FROM20000_LT50000,fictional_authored_2026-10-04_v1,D3:calibration:D3_FROM20000_LT50000:situational,calibration
SYNTH-V1-D3-CALIBRATION-022,D3,"I am including the EUR 41000 I already own, not my anticipated inheritance.",clarity,D3_FROM20000_LT50000,fictional_authored_2026-10-04_v1,D3:calibration:D3_FROM20000_LT50000:situational,calibration
SYNTH-V1-D3-CALIBRATION-023,D3,For this agreed scope my existing Canadian-dollar amount is 35000.,clarity,D3_FROM20000_LT50000,fictional_authored_2026-10-04_v1,D3:calibration:D3_FROM20000_LT50000:situational,calibration
SYNTH-V1-D3-CALIBRATION-024,D3,The money currently set aside for this conversation totals GBP 22000.,clarity,D3_FROM20000_LT50000,fictional_authored_2026-10-04_v1,D3:calibration:D3_FROM20000_LT50000:situational,calibration
SYNTH-V1-D3-CALIBRATION-025,D3,"Use the current GBP range from 20,000 to below 50,000 for this pot.",clarity,D3_FROM20000_LT50000,fictional_authored_2026-10-04_v1,D3:calibration:D3_FROM20000_LT50000:situational,calibration
SYNTH-V1-D3-CALIBRATION-026,D3,The actual balance for the included existing funds is fifty-five thousand pounds sterling.,clarity,D3_FROM50000_PLUS,fictional_authored_2026-10-04_v1,D3:calibration:D3_FROM50000_PLUS:situational,calibration
SYNTH-V1-D3-CALIBRATION-027,D3,EUR 200000 is the money already held in the pot we agreed to discuss.,clarity,D3_FROM50000_PLUS,fictional_authored_2026-10-04_v1,D3:calibration:D3_FROM50000_PLUS:situational,calibration
SYNTH-V1-D3-CALIBRATION-028,D3,My existing Canadian-dollar amount for this scope is 70000.,clarity,D3_FROM50000_PLUS,fictional_authored_2026-10-04_v1,D3:calibration:D3_FROM50000_PLUS:situational,calibration
SYNTH-V1-D3-CALIBRATION-029,D3,I have GBP 65000 now and want the full existing sum included.,clarity,D3_FROM50000_PLUS,fictional_authored_2026-10-04_v1,D3:calibration:D3_FROM50000_PLUS:situational,calibration
SYNTH-V1-D3-CALIBRATION-030,D3,"The amount of my current GBP money belongs in 50,000 or more.",clarity,D3_FROM50000_PLUS,fictional_authored_2026-10-04_v1,D3:calibration:D3_FROM50000_PLUS:situational,calibration
SYNTH-V1-D4-CALIBRATION-001,D4,The amount on my bank statement for the account I use day to day is the whole included pot.,clarity,D4_EASY_ACCESS,fictional_authored_2026-10-04_v1,D4:calibration:D4_EASY_ACCESS:situational,calibration
SYNTH-V1-D4-CALIBRATION-002,D4,I moved this particular sum into an easy-access savings account and it is still there.,clarity,D4_EASY_ACCESS,fictional_authored_2026-10-04_v1,D4:calibration:D4_EASY_ACCESS:situational,calibration
SYNTH-V1-D4-CALIBRATION-003,D4,The location to record for this money is my ordinary current account.,clarity,D4_EASY_ACCESS,fictional_authored_2026-10-04_v1,D4:calibration:D4_EASY_ACCESS:situational,calibration
SYNTH-V1-D4-CALIBRATION-004,D4,Only the instant-access savings balance is included in our conversation.,clarity,D4_EASY_ACCESS,fictional_authored_2026-10-04_v1,D4:calibration:D4_EASY_ACCESS:situational,calibration
SYNTH-V1-D4-CALIBRATION-005,D4,These funds are currently held together in one easy-access bank savings account.,clarity,D4_EASY_ACCESS,fictional_authored_2026-10-04_v1,D4:calibration:D4_EASY_ACCESS:situational,calibration
SYNTH-V1-D4-CALIBRATION-006,D4,The bank deposit where this sum is held does not allow ordinary withdrawals before maturity.,clarity,D4_FIXED_TERM,fictional_authored_2026-10-04_v1,D4:calibration:D4_FIXED_TERM:situational,calibration
SYNTH-V1-D4-CALIBRATION-007,D4,My statement names a three-year fixed savings account; that is where this amount currently sits.,clarity,D4_FIXED_TERM,fictional_authored_2026-10-04_v1,D4:calibration:D4_FIXED_TERM:situational,calibration
SYNTH-V1-D4-CALIBRATION-008,D4,The included pot is in a savings arrangement with a contractual withdrawal restriction.,clarity,D4_FIXED_TERM,fictional_authored_2026-10-04_v1,D4:calibration:D4_FIXED_TERM:situational,calibration
SYNTH-V1-D4-CALIBRATION-009,D4,"I placed the whole amount in a term deposit, and that remains its current location.",clarity,D4_FIXED_TERM,fictional_authored_2026-10-04_v1,D4:calibration:D4_FIXED_TERM:situational,calibration
SYNTH-V1-D4-CALIBRATION-010,D4,This money is held in restricted fixed-term savings rather than my everyday bank balance.,clarity,D4_FIXED_TERM,fictional_authored_2026-10-04_v1,D4:calibration:D4_FIXED_TERM:situational,calibration
SYNTH-V1-D4-CALIBRATION-011,D4,"My broker holds this particular money as investment funds in an ordinary account, with no pension wrapper.",clarity,D4_INVESTMENTS,fictional_authored_2026-10-04_v1,D4:calibration:D4_INVESTMENTS:situational,calibration
SYNTH-V1-D4-CALIBRATION-012,D4,The agreed amount is presently invested in company shares that I hold directly.,clarity,D4_INVESTMENTS,fictional_authored_2026-10-04_v1,D4:calibration:D4_INVESTMENTS:situational,calibration
SYNTH-V1-D4-CALIBRATION-013,D4,"I have another pension, but this whole pot consists of bonds held outside it.",clarity,D4_INVESTMENTS,fictional_authored_2026-10-04_v1,D4:calibration:D4_INVESTMENTS:situational,calibration
SYNTH-V1-D4-CALIBRATION-014,D4,The sum we are discussing is the ETF holding in my non-pension brokerage account.,clarity,D4_INVESTMENTS,fictional_authored_2026-10-04_v1,D4:calibration:D4_INVESTMENTS:situational,calibration
SYNTH-V1-D4-CALIBRATION-015,D4,"For its current location, record direct investments: this pot is entirely in bond funds outside a pension.",clarity,D4_INVESTMENTS,fictional_authored_2026-10-04_v1,D4:calibration:D4_INVESTMENTS:situational,calibration
SYNTH-V1-D4-CALIBRATION-016,D4,The pension account on my statement is where the whole included sum is held; its funds are inside that pension.,clarity,D4_PENSION_SAVINGS,fictional_authored_2026-10-04_v1,D4:calibration:D4_PENSION_SAVINGS:situational,calibration
SYNTH-V1-D4-CALIBRATION-017,D4,"I am describing accumulated pension savings, rather than the pension payments I receive.",clarity,D4_PENSION_SAVINGS,fictional_authored_2026-10-04_v1,D4:calibration:D4_PENSION_SAVINGS:situational,calibration
SYNTH-V1-D4-CALIBRATION-018,D4,"This particular pot consists of shares within one pension account, with no separately included brokerage holding.",clarity,D4_PENSION_SAVINGS,fictional_authored_2026-10-04_v1,D4:calibration:D4_PENSION_SAVINGS:situational,calibration
SYNTH-V1-D4-CALIBRATION-019,D4,The money remains in my workplace pension for retirement.,clarity,D4_PENSION_SAVINGS,fictional_authored_2026-10-04_v1,D4:calibration:D4_PENSION_SAVINGS:situational,calibration
SYNTH-V1-D4-CALIBRATION-020,D4,"For current location, it is a pension-held amount even though the assets inside are bond funds.",clarity,D4_PENSION_SAVINGS,fictional_authored_2026-10-04_v1,D4:calibration:D4_PENSION_SAVINGS:situational,calibration
SYNTH-V1-D4-CALIBRATION-021,D4,I withdrew this sum and currently keep the banknotes in a secure cash box.,clarity,D4_OTHER,fictional_authored_2026-10-04_v1,D4:calibration:D4_OTHER:situational,calibration
SYNTH-V1-D4-CALIBRATION-022,D4,"The included balance is held in my PayPal wallet, rather than an account or investment listed here.",clarity,D4_OTHER,fictional_authored_2026-10-04_v1,D4:calibration:D4_OTHER:situational,calibration
SYNTH-V1-D4-CALIBRATION-023,D4,This particular amount is physical cash I have at home.,clarity,D4_OTHER,fictional_authored_2026-10-04_v1,D4:calibration:D4_OTHER:situational,calibration
SYNTH-V1-D4-CALIBRATION-024,D4,The place I can identify for this pot is my electronic payment wallet.,clarity,D4_OTHER,fictional_authored_2026-10-04_v1,D4:calibration:D4_OTHER:situational,calibration
SYNTH-V1-D4-CALIBRATION-025,D4,I am holding all the agreed money as cash in my safe.,clarity,D4_OTHER,fictional_authored_2026-10-04_v1,D4:calibration:D4_OTHER:situational,calibration
SYNTH-V1-D4-CALIBRATION-026,D4,We included two balances: the current account and a separate bond holding outside my pension.,clarity,D4_MIXED,fictional_authored_2026-10-04_v1,D4:calibration:D4_MIXED:situational,calibration
SYNTH-V1-D4-CALIBRATION-027,D4,The whole scope covers my fixed deposit as well as a distinct cash reserve in a safe.,clarity,D4_MIXED,fictional_authored_2026-10-04_v1,D4:calibration:D4_MIXED:situational,calibration
SYNTH-V1-D4-CALIBRATION-028,D4,One named portion remains in a pension; another included portion is in instant-access bank savings.,clarity,D4_MIXED,fictional_authored_2026-10-04_v1,D4:calibration:D4_MIXED:situational,calibration
SYNTH-V1-D4-CALIBRATION-029,D4,I divided this sum between physical banknotes and directly held investment funds.,clarity,D4_MIXED,fictional_authored_2026-10-04_v1,D4:calibration:D4_MIXED:situational,calibration
SYNTH-V1-D4-CALIBRATION-030,D4,There are two distinct included locations: a term savings account and an ordinary current account.,clarity,D4_MIXED,fictional_authored_2026-10-04_v1,D4:calibration:D4_MIXED:situational,calibration
SYNTH-V1-D5-CALIBRATION-001,D5,The money arriving from my employer is what I currently use to pay routine expenses.,clarity,D5_SALARY,fictional_authored_2026-10-04_v1,D5:calibration:D5_SALARY:situational,calibration
SYNTH-V1-D5-CALIBRATION-002,D5,"For my present living costs, the source to record is the wage from my job.",clarity,D5_SALARY,fictional_authored_2026-10-04_v1,D5:calibration:D5_SALARY:situational,calibration
SYNTH-V1-D5-CALIBRATION-003,D5,I pay the household bills out of my salary each month.,clarity,D5_SALARY,fictional_authored_2026-10-04_v1,D5:calibration:D5_SALARY:situational,calibration
SYNTH-V1-D5-CALIBRATION-004,D5,The pay packet from employment funds my day-to-day necessities now.,clarity,D5_SALARY,fictional_authored_2026-10-04_v1,D5:calibration:D5_SALARY:situational,calibration
SYNTH-V1-D5-CALIBRATION-005,D5,My own wages are currently the source of money for food and rent.,clarity,D5_SALARY,fictional_authored_2026-10-04_v1,D5:calibration:D5_SALARY:situational,calibration
SYNTH-V1-D5-CALIBRATION-006,D5,I invoice clients as a freelancer and use those receipts for my necessary household spending.,clarity,D5_SELF_EMPLOYMENT,fictional_authored_2026-10-04_v1,D5:calibration:D5_SELF_EMPLOYMENT:situational,calibration
SYNTH-V1-D5-CALIBRATION-007,D5,"For the source question, my independent business earnings pay the bills now.",clarity,D5_SELF_EMPLOYMENT,fictional_authored_2026-10-04_v1,D5:calibration:D5_SELF_EMPLOYMENT:situational,calibration
SYNTH-V1-D5-CALIBRATION-008,D5,The income I currently earn working for myself supplies my living-cost money.,clarity,D5_SELF_EMPLOYMENT,fictional_authored_2026-10-04_v1,D5:calibration:D5_SELF_EMPLOYMENT:situational,calibration
SYNTH-V1-D5-CALIBRATION-009,D5,My trade as a self-employed electrician is the current source for routine expenses.,clarity,D5_SELF_EMPLOYMENT,fictional_authored_2026-10-04_v1,D5:calibration:D5_SELF_EMPLOYMENT:situational,calibration
SYNTH-V1-D5-CALIBRATION-010,D5,I am not paid as an employee; my own shop's income funds my day-to-day costs.,clarity,D5_SELF_EMPLOYMENT,fictional_authored_2026-10-04_v1,D5:calibration:D5_SELF_EMPLOYMENT:situational,calibration
SYNTH-V1-D5-CALIBRATION-011,D5,The pension payment deposited into my bank account is what I now live on.,clarity,D5_PENSION_PAYMENTS,fictional_authored_2026-10-04_v1,D5:calibration:D5_PENSION_PAYMENTS:situational,calibration
SYNTH-V1-D5-CALIBRATION-012,D5,"For current living-cost funding, I use the pension income I receive rather than untouched pension savings.",clarity,D5_PENSION_PAYMENTS,fictional_authored_2026-10-04_v1,D5:calibration:D5_PENSION_PAYMENTS:situational,calibration
SYNTH-V1-D5-CALIBRATION-013,D5,My household spending comes from the pension paid to me regularly.,clarity,D5_PENSION_PAYMENTS,fictional_authored_2026-10-04_v1,D5:calibration:D5_PENSION_PAYMENTS:situational,calibration
SYNTH-V1-D5-CALIBRATION-014,D5,Since retiring I have paid routine expenses from my monthly pension payments.,clarity,D5_PENSION_PAYMENTS,fictional_authored_2026-10-04_v1,D5:calibration:D5_PENSION_PAYMENTS:situational,calibration
SYNTH-V1-D5-CALIBRATION-015,D5,The received pension money supplies funds for my present bills.,clarity,D5_PENSION_PAYMENTS,fictional_authored_2026-10-04_v1,D5:calibration:D5_PENSION_PAYMENTS:situational,calibration
SYNTH-V1-D5-CALIBRATION-016,D5,The benefits payment I receive is currently the money I use for necessities.,clarity,D5_BENEFITS_SUPPORT,fictional_authored_2026-10-04_v1,D5:calibration:D5_BENEFITS_SUPPORT:situational,calibration
SYNTH-V1-D5-CALIBRATION-017,D5,"My parents send financial support every month, and I live on that support.",clarity,D5_BENEFITS_SUPPORT,fictional_authored_2026-10-04_v1,D5:calibration:D5_BENEFITS_SUPPORT:situational,calibration
SYNTH-V1-D5-CALIBRATION-018,D5,Both benefits and regular help from my sister fund my current household spending; there is no other listed source.,clarity,D5_BENEFITS_SUPPORT,fictional_authored_2026-10-04_v1,D5:calibration:D5_BENEFITS_SUPPORT:situational,calibration
SYNTH-V1-D5-CALIBRATION-019,D5,The source for my bills now is recurring support from my partner.,clarity,D5_BENEFITS_SUPPORT,fictional_authored_2026-10-04_v1,D5:calibration:D5_BENEFITS_SUPPORT:situational,calibration
SYNTH-V1-D5-CALIBRATION-020,D5,I currently use the benefits deposited in my account to pay ordinary living expenses.,clarity,D5_BENEFITS_SUPPORT,fictional_authored_2026-10-04_v1,D5:calibration:D5_BENEFITS_SUPPORT:situational,calibration
SYNTH-V1-D5-CALIBRATION-021,D5,Each month I take an amount out of the savings I already own to pay household costs.,clarity,D5_WITHDRAWALS,fictional_authored_2026-10-04_v1,D5:calibration:D5_WITHDRAWALS:situational,calibration
SYNTH-V1-D5-CALIBRATION-022,D5,"For current funding, I am drawing down my investment balance to cover ordinary bills.",clarity,D5_WITHDRAWALS,fictional_authored_2026-10-04_v1,D5:calibration:D5_WITHDRAWALS:situational,calibration
SYNTH-V1-D5-CALIBRATION-023,D5,I have no wage coming in; the source I use for living costs is withdrawals from savings.,clarity,D5_WITHDRAWALS,fictional_authored_2026-10-04_v1,D5:calibration:D5_WITHDRAWALS:situational,calibration
SYNTH-V1-D5-CALIBRATION-024,D5,The money for my present food and rent comes from selling down my investments.,clarity,D5_WITHDRAWALS,fictional_authored_2026-10-04_v1,D5:calibration:D5_WITHDRAWALS:situational,calibration
SYNTH-V1-D5-CALIBRATION-025,D5,I regularly transfer from my accumulated savings to fund day-to-day necessities.,clarity,D5_WITHDRAWALS,fictional_authored_2026-10-04_v1,D5:calibration:D5_WITHDRAWALS:situational,calibration
SYNTH-V1-D5-CALIBRATION-026,D5,The rent tenants pay me every month is what I currently use for living expenses.,clarity,D5_OTHER_REGULAR,fictional_authored_2026-10-04_v1,D5:calibration:D5_OTHER_REGULAR:situational,calibration
SYNTH-V1-D5-CALIBRATION-027,D5,My named recurring source is book royalties; those receipts fund the household bills.,clarity,D5_OTHER_REGULAR,fictional_authored_2026-10-04_v1,D5:calibration:D5_OTHER_REGULAR:situational,calibration
SYNTH-V1-D5-CALIBRATION-028,D5,Regular distributions from my trust pay my present necessities.,clarity,D5_OTHER_REGULAR,fictional_authored_2026-10-04_v1,D5:calibration:D5_OTHER_REGULAR:situational,calibration
SYNTH-V1-D5-CALIBRATION-029,D5,I receive monthly rental payments and use them for my day-to-day costs.,clarity,D5_OTHER_REGULAR,fictional_authored_2026-10-04_v1,D5:calibration:D5_OTHER_REGULAR:situational,calibration
SYNTH-V1-D5-CALIBRATION-030,D5,"For current living-cost funding, the source is recurring music royalty payments.",clarity,D5_OTHER_REGULAR,fictional_authored_2026-10-04_v1,D5:calibration:D5_OTHER_REGULAR:situational,calibration
SYNTH-V1-D5-CALIBRATION-031,D5,I can confirm there is no recurring source of money for my present living costs.,clarity,D5_NO_REGULAR,fictional_authored_2026-10-04_v1,D5:calibration:D5_NO_REGULAR:situational,calibration
SYNTH-V1-D5-CALIBRATION-032,D5,"A one-off gift arrived, but I have no regular source funding the bills.",clarity,D5_NO_REGULAR,fictional_authored_2026-10-04_v1,D5:calibration:D5_NO_REGULAR:situational,calibration
SYNTH-V1-D5-CALIBRATION-033,D5,"For this question, no ongoing funding source currently applies to my household expenses.",clarity,D5_NO_REGULAR,fictional_authored_2026-10-04_v1,D5:calibration:D5_NO_REGULAR:situational,calibration
SYNTH-V1-D5-CALIBRATION-034,D5,I sometimes find one-off resources; there is no regular source for my day-to-day costs.,clarity,D5_NO_REGULAR,fictional_authored_2026-10-04_v1,D5:calibration:D5_NO_REGULAR:situational,calibration
SYNTH-V1-D5-CALIBRATION-035,D5,My current answer is no regular source of living-cost money.,clarity,D5_NO_REGULAR,fictional_authored_2026-10-04_v1,D5:calibration:D5_NO_REGULAR:situational,calibration
SYNTH-V1-D5-CALIBRATION-036,D5,The household bills are paid from two sources now: my employee wage and separate freelance earnings.,clarity,D5_MULTIPLE,fictional_authored_2026-10-04_v1,D5:calibration:D5_MULTIPLE:situational,calibration
SYNTH-V1-D5-CALIBRATION-037,D5,I use rental receipts alongside benefits for my current day-to-day expenses.,clarity,D5_MULTIPLE,fictional_authored_2026-10-04_v1,D5:calibration:D5_MULTIPLE:situational,calibration
SYNTH-V1-D5-CALIBRATION-038,D5,"My salary funds part of the living costs, and withdrawals from investments fund the rest.",clarity,D5_MULTIPLE,fictional_authored_2026-10-04_v1,D5:calibration:D5_MULTIPLE:situational,calibration
SYNTH-V1-D5-CALIBRATION-039,D5,"For present living-cost money, both my pension payments and recurring royalties apply.",clarity,D5_MULTIPLE,fictional_authored_2026-10-04_v1,D5:calibration:D5_MULTIPLE:situational,calibration
SYNTH-V1-D5-CALIBRATION-040,D5,Regular support from my parents and income from my own business both pay my bills.,clarity,D5_MULTIPLE,fictional_authored_2026-10-04_v1,D5:calibration:D5_MULTIPLE:situational,calibration
SYNTH-V1-D6-CALIBRATION-001,D6,"I checked each month's rent, food, bills and repayments. Other accessible money pays them all for the entire year without touching this pot.",clarity,D6_ALL,fictional_authored_2026-10-04_v1,D6:calibration:D6_ALL:situational,calibration
SYNTH-V1-D6-CALIBRATION-002,D6,"Even with the included amount unavailable for twelve months, my separate income pays every necessary cost as it falls due.",clarity,D6_ALL,fictional_authored_2026-10-04_v1,D6:calibration:D6_ALL:situational,calibration
SYNTH-V1-D6-CALIBRATION-003,D6,"For this year-long scenario, I have distinct accessible resources covering the full necessary-cost total, including required repayments, on time.",clarity,D6_ALL,fictional_authored_2026-10-04_v1,D6:calibration:D6_ALL:situational,calibration
SYNTH-V1-D6-CALIBRATION-004,D6,The answer is all: every essential bill over those twelve months is payable from other funds available when needed.,clarity,D6_ALL,fictional_authored_2026-10-04_v1,D6:calibration:D6_ALL:situational,calibration
SYNTH-V1-D6-CALIBRATION-005,D6,"Throughout the whole unavailable year, I can meet all necessities and repayments from money outside this pot as each cost arrives.",clarity,D6_ALL,fictional_authored_2026-10-04_v1,D6:calibration:D6_ALL:situational,calibration
SYNTH-V1-D6-CALIBRATION-006,D6,"I checked the full year: separate income can pay the food bills when due, but cannot meet all housing costs and repayments.",clarity,D6_SOME,fictional_authored_2026-10-04_v1,D6:calibration:D6_SOME:situational,calibration
SYNTH-V1-D6-CALIBRATION-007,D6,"The other accessible account would pay some of the year's necessities, leaving a shortfall on the remaining bills.",clarity,D6_SOME,fictional_authored_2026-10-04_v1,D6:calibration:D6_SOME:situational,calibration
SYNTH-V1-D6-CALIBRATION-008,D6,"In the twelve-month unavailability example, resources outside this pot cover part of my necessary expenses as needed, but not the complete total.",clarity,D6_SOME,fictional_authored_2026-10-04_v1,D6:calibration:D6_SOME:situational,calibration
SYNTH-V1-D6-CALIBRATION-009,D6,"My answer is some, not all: for the whole year other usable income meets certain essential costs, while others remain unpaid.",clarity,D6_SOME,fictional_authored_2026-10-04_v1,D6:calibration:D6_SOME:situational,calibration
SYNTH-V1-D6-CALIBRATION-010,D6,The agreed amount is excluded. The remaining available money covers only a portion of the necessary costs and repayments across those twelve months.,clarity,D6_SOME,fictional_authored_2026-10-04_v1,D6:calibration:D6_SOME:situational,calibration
SYNTH-V1-D6-CALIBRATION-011,D6,"I have checked the other resources, excluding this pot; none is usable to pay any of the year's necessary bills or repayments.",clarity,D6_NONE,fictional_authored_2026-10-04_v1,D6:calibration:D6_NONE:situational,calibration
SYNTH-V1-D6-CALIBRATION-012,D6,"During the entire twelve-month example, there is no separate money available when any essential expense falls due.",clarity,D6_NONE,fictional_authored_2026-10-04_v1,D6:calibration:D6_NONE:situational,calibration
SYNTH-V1-D6-CALIBRATION-013,D6,"The coverage from other resources is none for the whole year, including all required repayments.",clarity,D6_NONE,fictional_authored_2026-10-04_v1,D6:calibration:D6_NONE:situational,calibration
SYNTH-V1-D6-CALIBRATION-014,D6,"With this sum unavailable, no necessary cost during the twelve months would be paid by other usable income or funds.",clarity,D6_NONE,fictional_authored_2026-10-04_v1,D6:calibration:D6_NONE:situational,calibration
SYNTH-V1-D6-CALIBRATION-015,D6,"No other accessible source covers food, rent, bills or repayments anywhere in that year-long period.",clarity,D6_NONE,fictional_authored_2026-10-04_v1,D6:calibration:D6_NONE:situational,calibration
SYNTH-V1-D7-CALIBRATION-001,D7,"My loan exists, but its terms require no repayment at present.",clarity,D7_NO_REQUIRED,fictional_authored_2026-10-04_v1,D7:calibration:D7_NO_REQUIRED:situational,calibration
SYNTH-V1-D7-CALIBRATION-002,D7,"For current repayment obligations, the answer is that I have none.",clarity,D7_NO_REQUIRED,fictional_authored_2026-10-04_v1,D7:calibration:D7_NO_REQUIRED:situational,calibration
SYNTH-V1-D7-CALIBRATION-003,D7,There are no payments I am required to make on loan or credit accounts right now.,clarity,D7_NO_REQUIRED,fictional_authored_2026-10-04_v1,D7:calibration:D7_NO_REQUIRED:situational,calibration
SYNTH-V1-D7-CALIBRATION-004,D7,I checked the schedules: no repayments are currently required from me.,clarity,D7_NO_REQUIRED,fictional_authored_2026-10-04_v1,D7:calibration:D7_NO_REQUIRED:situational,calibration
SYNTH-V1-D7-CALIBRATION-005,D7,"My current position is no required loan or credit repayments, irrespective of balances.",clarity,D7_NO_REQUIRED,fictional_authored_2026-10-04_v1,D7:calibration:D7_NO_REQUIRED:situational,calibration
SYNTH-V1-D7-CALIBRATION-006,D7,"I looked at all my credit schedules: each payment is being met, and doing so is straightforward for me.",clarity,D7_KEEPING_UP_EASILY,fictional_authored_2026-10-04_v1,D7:calibration:D7_KEEPING_UP_EASILY:situational,calibration
SYNTH-V1-D7-CALIBRATION-007,D7,"The mortgage and other required payments are all current, with no difficulty making them.",clarity,D7_KEEPING_UP_EASILY,fictional_authored_2026-10-04_v1,D7:calibration:D7_KEEPING_UP_EASILY:situational,calibration
SYNTH-V1-D7-CALIBRATION-008,D7,My current repayment position is fully keeping up without any financial strain in making the payments.,clarity,D7_KEEPING_UP_EASILY,fictional_authored_2026-10-04_v1,D7:calibration:D7_KEEPING_UP_EASILY:situational,calibration
SYNTH-V1-D7-CALIBRATION-009,D7,I can confirm every required instalment is paid on time and I manage those payments easily.,clarity,D7_KEEPING_UP_EASILY,fictional_authored_2026-10-04_v1,D7:calibration:D7_KEEPING_UP_EASILY:situational,calibration
SYNTH-V1-D7-CALIBRATION-010,D7,"There are repayments due, but I meet all of them comfortably rather than struggling.",clarity,D7_KEEPING_UP_EASILY,fictional_authored_2026-10-04_v1,D7:calibration:D7_KEEPING_UP_EASILY:situational,calibration
SYNTH-V1-D7-CALIBRATION-011,D7,"I have not fallen behind on any required payment, but meeting the full schedule is a struggle.",clarity,D7_KEEPING_UP_DIFFICULT,fictional_authored_2026-10-04_v1,D7:calibration:D7_KEEPING_UP_DIFFICULT:situational,calibration
SYNTH-V1-D7-CALIBRATION-012,D7,My repayment records are current; the difficulty is finding the money for each instalment.,clarity,D7_KEEPING_UP_DIFFICULT,fictional_authored_2026-10-04_v1,D7:calibration:D7_KEEPING_UP_DIFFICULT:situational,calibration
SYNTH-V1-D7-CALIBRATION-013,D7,"All my current loan and credit obligations are paid, although I find that hard to maintain.",clarity,D7_KEEPING_UP_DIFFICULT,fictional_authored_2026-10-04_v1,D7:calibration:D7_KEEPING_UP_DIFFICULT:situational,calibration
SYNTH-V1-D7-CALIBRATION-014,D7,"I can confirm every due repayment is met, but not comfortably: it is difficult.",clarity,D7_KEEPING_UP_DIFFICULT,fictional_authored_2026-10-04_v1,D7:calibration:D7_KEEPING_UP_DIFFICULT:situational,calibration
SYNTH-V1-D7-CALIBRATION-015,D7,The payments are up to date. I want the answer to include that paying them is hard.,clarity,D7_KEEPING_UP_DIFFICULT,fictional_authored_2026-10-04_v1,D7:calibration:D7_KEEPING_UP_DIFFICULT:situational,calibration
SYNTH-V1-D7-CALIBRATION-016,D7,"The payment due last month remains unpaid, so I am behind on the required repayment schedule.",clarity,D7_FALLING_BEHIND,fictional_authored_2026-10-04_v1,D7:calibration:D7_FALLING_BEHIND:situational,calibration
SYNTH-V1-D7-CALIBRATION-017,D7,I checked my accounts and some required credit instalments are overdue.,clarity,D7_FALLING_BEHIND,fictional_authored_2026-10-04_v1,D7:calibration:D7_FALLING_BEHIND:situational,calibration
SYNTH-V1-D7-CALIBRATION-018,D7,I am meeting one loan's payments but have fallen behind on another required repayment.,clarity,D7_FALLING_BEHIND,fictional_authored_2026-10-04_v1,D7:calibration:D7_FALLING_BEHIND:situational,calibration
SYNTH-V1-D7-CALIBRATION-019,D7,"For my current position, record falling behind: not all due payments have been met on time.",clarity,D7_FALLING_BEHIND,fictional_authored_2026-10-04_v1,D7:calibration:D7_FALLING_BEHIND:situational,calibration
SYNTH-V1-D7-CALIBRATION-020,D7,There is a missed required instalment outstanding at present.,clarity,D7_FALLING_BEHIND,fictional_authored_2026-10-04_v1,D7:calibration:D7_FALLING_BEHIND:situational,calibration
SYNTH-V1-D8-CALIBRATION-001,D8,"I read investment news, but I have never personally owned an investment under your definition.",clarity,D8_NONE,fictional_authored_2026-10-04_v1,D8:calibration:D8_NONE:situational,calibration
SYNTH-V1-D8-CALIBRATION-002,D8,My experience is limited to bank deposits; I have not personally held market investments.,clarity,D8_NONE,fictional_authored_2026-10-04_v1,D8:calibration:D8_NONE:situational,calibration
SYNTH-V1-D8-CALIBRATION-003,D8,My family owns investments. I can separately confirm that I never have.,clarity,D8_NONE,fictional_authored_2026-10-04_v1,D8:calibration:D8_NONE:situational,calibration
SYNTH-V1-D8-CALIBRATION-004,D8,There are no past or present personal investment holdings for me to report.,clarity,D8_NONE,fictional_authored_2026-10-04_v1,D8:calibration:D8_NONE:situational,calibration
SYNTH-V1-D8-CALIBRATION-005,D8,This would be my first investment: I have never personally held one.,clarity,D8_NONE,fictional_authored_2026-10-04_v1,D8:calibration:D8_NONE:situational,calibration
SYNTH-V1-D8-CALIBRATION-006,D8,"The company stock was in my own name, and that is the personal holding I am describing.",clarity,D8_SHARES,fictional_authored_2026-10-04_v1,D8:calibration:D8_SHARES:situational,calibration
SYNTH-V1-D8-CALIBRATION-007,D8,I held a direct share investment inside my pension; the named personal investment type is shares.,clarity,D8_SHARES,fictional_authored_2026-10-04_v1,D8:calibration:D8_SHARES:situational,calibration
SYNTH-V1-D8-CALIBRATION-008,D8,I used my own account to buy and retain company shares.,clarity,D8_SHARES,fictional_authored_2026-10-04_v1,D8:calibration:D8_SHARES:situational,calibration
SYNTH-V1-D8-CALIBRATION-009,D8,"The stocks I mention were owned by me, rather than ones I merely followed.",clarity,D8_SHARES,fictional_authored_2026-10-04_v1,D8:calibration:D8_SHARES:situational,calibration
SYNTH-V1-D8-CALIBRATION-010,D8,"For personal holding experience, I can identify direct ownership of shares.",clarity,D8_SHARES,fictional_authored_2026-10-04_v1,D8:calibration:D8_SHARES:situational,calibration
SYNTH-V1-D8-CALIBRATION-011,D8,The government bond investment was held in my own account.,clarity,D8_BONDS,fictional_authored_2026-10-04_v1,D8:calibration:D8_BONDS:situational,calibration
SYNTH-V1-D8-CALIBRATION-012,D8,I personally owned a company's debt bonds; these were not bank savings deposits.,clarity,D8_BONDS,fictional_authored_2026-10-04_v1,D8:calibration:D8_BONDS:situational,calibration
SYNTH-V1-D8-CALIBRATION-013,D8,"For personal experience, I can identify individual corporate bonds that belonged to me.",clarity,D8_BONDS,fictional_authored_2026-10-04_v1,D8:calibration:D8_BONDS:situational,calibration
SYNTH-V1-D8-CALIBRATION-014,D8,The bonds I mention were my own holdings rather than another person's investments.,clarity,D8_BONDS,fictional_authored_2026-10-04_v1,D8:calibration:D8_BONDS:situational,calibration
SYNTH-V1-D8-CALIBRATION-015,D8,I purchased and retained government bonds as my personal investment.,clarity,D8_BONDS,fictional_authored_2026-10-04_v1,D8:calibration:D8_BONDS:situational,calibration
SYNTH-V1-D8-CALIBRATION-016,D8,I bought the ETF in my own pension account; that personally held ETF is the one type I am identifying.,clarity,D8_FUNDS_ETFS,fictional_authored_2026-10-04_v1,D8:calibration:D8_FUNDS_ETFS:situational,calibration
SYNTH-V1-D8-CALIBRATION-017,D8,The fund units belonged to me directly rather than to someone I followed.,clarity,D8_FUNDS_ETFS,fictional_authored_2026-10-04_v1,D8:calibration:D8_FUNDS_ETFS:situational,calibration
SYNTH-V1-D8-CALIBRATION-018,D8,My personal experience consists of owning a tracker investment fund.,clarity,D8_FUNDS_ETFS,fictional_authored_2026-10-04_v1,D8:calibration:D8_FUNDS_ETFS:situational,calibration
SYNTH-V1-D8-CALIBRATION-019,D8,I used my own account to purchase an exchange-traded fund and retained it.,clarity,D8_FUNDS_ETFS,fictional_authored_2026-10-04_v1,D8:calibration:D8_FUNDS_ETFS:situational,calibration
SYNTH-V1-D8-CALIBRATION-020,D8,"The investment I personally held was a mutual fund, with no other named type.",clarity,D8_FUNDS_ETFS,fictional_authored_2026-10-04_v1,D8:calibration:D8_FUNDS_ETFS:situational,calibration
SYNTH-V1-D8-CALIBRATION-021,D8,My pension provider invested my personal pension savings; I am identifying the invested pension as the holding.,clarity,D8_INVESTED_PENSION_MANAGED,fictional_authored_2026-10-04_v1,D8:calibration:D8_INVESTED_PENSION_MANAGED:situational,calibration
SYNTH-V1-D8-CALIBRATION-022,D8,"The portfolio was held for me and managed by an adviser, rather than direct instruments I selected.",clarity,D8_INVESTED_PENSION_MANAGED,fictional_authored_2026-10-04_v1,D8:calibration:D8_INVESTED_PENSION_MANAGED:situational,calibration
SYNTH-V1-D8-CALIBRATION-023,D8,I personally owned the managed portfolio account I am describing.,clarity,D8_INVESTED_PENSION_MANAGED,fictional_authored_2026-10-04_v1,D8:calibration:D8_INVESTED_PENSION_MANAGED:situational,calibration
SYNTH-V1-D8-CALIBRATION-024,D8,"My only identified personal holding was an invested workplace pension, not a separately named stock or ETF.",clarity,D8_INVESTED_PENSION_MANAGED,fictional_authored_2026-10-04_v1,D8:calibration:D8_INVESTED_PENSION_MANAGED:situational,calibration
SYNTH-V1-D8-CALIBRATION-025,D8,"For experience, I can name my managed investment portfolio; I am not claiming the manager's trades as mine.",clarity,D8_INVESTED_PENSION_MANAGED,fictional_authored_2026-10-04_v1,D8:calibration:D8_INVESTED_PENSION_MANAGED:situational,calibration
SYNTH-V1-D8-CALIBRATION-026,D8,The bitcoin in that wallet belonged to me personally.,clarity,D8_CRYPTO,fictional_authored_2026-10-04_v1,D8:calibration:D8_CRYPTO:situational,calibration
SYNTH-V1-D8-CALIBRATION-027,D8,I purchased ether using my own account and held it as my investment.,clarity,D8_CRYPTO,fictional_authored_2026-10-04_v1,D8:calibration:D8_CRYPTO:situational,calibration
SYNTH-V1-D8-CALIBRATION-028,D8,"For personal holding experience, I can identify cryptocurrency I owned.",clarity,D8_CRYPTO,fictional_authored_2026-10-04_v1,D8:calibration:D8_CRYPTO:situational,calibration
SYNTH-V1-D8-CALIBRATION-029,D8,"I am describing my actual crypto holdings, rather than coins I only followed online.",clarity,D8_CRYPTO,fictional_authored_2026-10-04_v1,D8:calibration:D8_CRYPTO:situational,calibration
SYNTH-V1-D8-CALIBRATION-030,D8,My personal investment was bitcoin; I owned it myself.,clarity,D8_CRYPTO,fictional_authored_2026-10-04_v1,D8:calibration:D8_CRYPTO:situational,calibration
SYNTH-V1-D8-CALIBRATION-031,D8,The other type I can name is a peer-to-peer lending investment that I personally owned.,clarity,D8_OTHER,fictional_authored_2026-10-04_v1,D8:calibration:D8_OTHER:situational,calibration
SYNTH-V1-D8-CALIBRATION-032,D8,I held an investment in a forestry partnership in my own name.,clarity,D8_OTHER,fictional_authored_2026-10-04_v1,D8:calibration:D8_OTHER:situational,calibration
SYNTH-V1-D8-CALIBRATION-033,D8,"My personal holding was an unlisted property partnership, rather than a fund or company share.",clarity,D8_OTHER,fictional_authored_2026-10-04_v1,D8:calibration:D8_OTHER:situational,calibration
SYNTH-V1-D8-CALIBRATION-034,D8,The investment actually belonged to me and was a direct private lending contract.,clarity,D8_OTHER,fictional_authored_2026-10-04_v1,D8:calibration:D8_OTHER:situational,calibration
SYNTH-V1-D8-CALIBRATION-035,D8,"I can identify another personal investment: a stake in a farmland partnership, not a listed stock.",clarity,D8_OTHER,fictional_authored_2026-10-04_v1,D8:calibration:D8_OTHER:situational,calibration
SYNTH-V1-D8-CALIBRATION-036,D8,I owned two identified types myself: company shares and investment-fund units.,clarity,D8_MULTIPLE,fictional_authored_2026-10-04_v1,D8:calibration:D8_MULTIPLE:situational,calibration
SYNTH-V1-D8-CALIBRATION-037,D8,"The bonds and bitcoin were both my personal holdings, rather than somebody else's investments.",clarity,D8_MULTIPLE,fictional_authored_2026-10-04_v1,D8:calibration:D8_MULTIPLE:situational,calibration
SYNTH-V1-D8-CALIBRATION-038,D8,I personally held a managed portfolio as well as separate directly owned stocks.,clarity,D8_MULTIPLE,fictional_authored_2026-10-04_v1,D8:calibration:D8_MULTIPLE:situational,calibration
SYNTH-V1-D8-CALIBRATION-039,D8,My own investment history includes an ETF and a distinct private lending investment.,clarity,D8_MULTIPLE,fictional_authored_2026-10-04_v1,D8:calibration:D8_MULTIPLE:situational,calibration
SYNTH-V1-D8-CALIBRATION-040,D8,Both my invested pension and my separately held cryptocurrency are personal holdings.,clarity,D8_MULTIPLE,fictional_authored_2026-10-04_v1,D8:calibration:D8_MULTIPLE:situational,calibration
SYNTH-V1-D9-CALIBRATION-001,D9,My account remained unchanged for the entire past twelve months; I neither purchased nor sold an investment or instructed an order.,clarity,D9_ZERO,fictional_authored_2026-10-04_v1,D9:calibration:D9_ZERO:situational,calibration
SYNTH-V1-D9-CALIBRATION-002,D9,"I made bank transfers, but none bought or sold investments. My qualifying trade count for the last year is zero.",clarity,D9_ZERO,fictional_authored_2026-10-04_v1,D9:calibration:D9_ZERO:situational,calibration
SYNTH-V1-D9-CALIBRATION-003,D9,I can confirm there were no investment purchases or sales made or instructed by me during the past year.,clarity,D9_ZERO,fictional_authored_2026-10-04_v1,D9:calibration:D9_ZERO:situational,calibration
SYNTH-V1-D9-CALIBRATION-004,D9,"The fund manager traded underlying assets, but I personally made or arranged no investment purchases or sales in twelve months.",clarity,D9_ZERO,fictional_authored_2026-10-04_v1,D9:calibration:D9_ZERO:situational,calibration
SYNTH-V1-D9-CALIBRATION-005,D9,"For this activity question, none applies across the full past 12 months, even though I owned investments before then.",clarity,D9_ZERO,fictional_authored_2026-10-04_v1,D9:calibration:D9_ZERO:situational,calibration
SYNTH-V1-D9-CALIBRATION-006,D9,"I checked the last twelve months of orders: one fund purchase and one sale, making two qualifying transactions.",clarity,D9_COUNT1_5,fictional_authored_2026-10-04_v1,D9:calibration:D9_COUNT1_5:situational,calibration
SYNTH-V1-D9-CALIBRATION-007,D9,"Over the past year I personally instructed three investment orders in total, all completed purchases.",clarity,D9_COUNT1_5,fictional_authored_2026-10-04_v1,D9:calibration:D9_COUNT1_5:situational,calibration
SYNTH-V1-D9-CALIBRATION-008,D9,"There were five purchases and sales combined that I made in the previous twelve months, excluding bank transfers.",clarity,D9_COUNT1_5,fictional_authored_2026-10-04_v1,D9:calibration:D9_COUNT1_5:situational,calibration
SYNTH-V1-D9-CALIBRATION-009,D9,My only investment transaction in the last year was a single completed ETF purchase.,clarity,D9_COUNT1_5,fictional_authored_2026-10-04_v1,D9:calibration:D9_COUNT1_5:situational,calibration
SYNTH-V1-D9-CALIBRATION-010,D9,I arranged four recurring fund purchases and no other investment sales or purchases during the past twelve months.,clarity,D9_COUNT1_5,fictional_authored_2026-10-04_v1,D9:calibration:D9_COUNT1_5:situational,calibration
SYNTH-V1-D9-CALIBRATION-011,D9,"My last twelve months of orders show four purchases and three sales, seven qualifying transactions in all.",clarity,D9_COUNT6_10,fictional_authored_2026-10-04_v1,D9:calibration:D9_COUNT6_10:situational,calibration
SYNTH-V1-D9-CALIBRATION-012,D9,"Over the past year I personally arranged six investment orders, and each bought or sold an investment.",clarity,D9_COUNT6_10,fictional_authored_2026-10-04_v1,D9:calibration:D9_COUNT6_10:situational,calibration
SYNTH-V1-D9-CALIBRATION-013,D9,"There were nine actual purchases and sales combined in the previous twelve months, leaving out ordinary transfers.",clarity,D9_COUNT6_10,fictional_authored_2026-10-04_v1,D9:calibration:D9_COUNT6_10:situational,calibration
SYNTH-V1-D9-CALIBRATION-014,D9,"I made ten qualifying investment transactions in the last year, counted across buys and sells.",clarity,D9_COUNT6_10,fictional_authored_2026-10-04_v1,D9:calibration:D9_COUNT6_10:situational,calibration
SYNTH-V1-D9-CALIBRATION-015,D9,The eight recurring fund purchases I instructed were my complete investment activity in the past twelve months.,clarity,D9_COUNT6_10,fictional_authored_2026-10-04_v1,D9:calibration:D9_COUNT6_10:situational,calibration
SYNTH-V1-D9-CALIBRATION-016,D9,"My monthly investment order bought fund units twelve times during the past year, with no extra sales.",clarity,D9_COUNT11_PLUS,fictional_authored_2026-10-04_v1,D9:calibration:D9_COUNT11_PLUS:situational,calibration
SYNTH-V1-D9-CALIBRATION-017,D9,"I checked the previous twelve months: six investment purchases plus seven sales, thirteen in total.",clarity,D9_COUNT11_PLUS,fictional_authored_2026-10-04_v1,D9:calibration:D9_COUNT11_PLUS:situational,calibration
SYNTH-V1-D9-CALIBRATION-018,D9,There were forty qualifying purchases and sales I personally made in the last year.,clarity,D9_COUNT11_PLUS,fictional_authored_2026-10-04_v1,D9:calibration:D9_COUNT11_PLUS:situational,calibration
SYNTH-V1-D9-CALIBRATION-019,D9,"I arranged eighteen completed investment orders over the past twelve months, excluding bank payments.",clarity,D9_COUNT11_PLUS,fictional_authored_2026-10-04_v1,D9:calibration:D9_COUNT11_PLUS:situational,calibration
SYNTH-V1-D9-CALIBRATION-020,D9,My own qualifying trade activity for the full past year totalled twenty-four purchases or sales.,clarity,D9_COUNT11_PLUS,fictional_authored_2026-10-04_v1,D9:calibration:D9_COUNT11_PLUS:situational,calibration
SYNTH-V1-D10-CALIBRATION-001,D10,I checked the year's contributions: no money from outside the existing portfolio was actually invested.,clarity,D10_ZERO,fictional_authored_2026-10-04_v1,D10:calibration:D10_ZERO:situational,calibration
SYNTH-V1-D10-CALIBRATION-002,D10,"My investments gained value, but the new external amount invested over the past twelve months was none.",clarity,D10_ZERO,fictional_authored_2026-10-04_v1,D10:calibration:D10_ZERO:situational,calibration
SYNTH-V1-D10-CALIBRATION-003,D10,"I only recycled existing investment sale proceeds during the last year, with no new external money invested.",clarity,D10_ZERO,fictional_authored_2026-10-04_v1,D10:calibration:D10_ZERO:situational,calibration
SYNTH-V1-D10-CALIBRATION-004,D10,A bank deposit remained uninvested; no new outside funds were put into investments in twelve months.,clarity,D10_ZERO,fictional_authored_2026-10-04_v1,D10:calibration:D10_ZERO:situational,calibration
SYNTH-V1-D10-CALIBRATION-005,D10,"For actual new investment funding over the full past year, the answer is zero.",clarity,D10_ZERO,fictional_authored_2026-10-04_v1,D10:calibration:D10_ZERO:situational,calibration
SYNTH-V1-D10-CALIBRATION-006,D10,The contribution statement shows eight hundred pounds sterling of outside money actually invested in the last twelve months.,clarity,D10_POSITIVE_LT1000,fictional_authored_2026-10-04_v1,D10:calibration:D10_POSITIVE_LT1000:situational,calibration
SYNTH-V1-D10-CALIBRATION-007,D10,Over the past year I added and invested EUR 350 from my wages; this excludes recycled sales and market gains.,clarity,D10_POSITIVE_LT1000,fictional_authored_2026-10-04_v1,D10:calibration:D10_POSITIVE_LT1000:situational,calibration
SYNTH-V1-D10-CALIBRATION-008,D10,"For new external funds actually invested in twelve months, my total is 900 Canadian dollars.",clarity,D10_POSITIVE_LT1000,fictional_authored_2026-10-04_v1,D10:calibration:D10_POSITIVE_LT1000:situational,calibration
SYNTH-V1-D10-CALIBRATION-009,D10,GBP 250 entered from outside my portfolio and was invested during the last year; that is the whole new contribution.,clarity,D10_POSITIVE_LT1000,fictional_authored_2026-10-04_v1,D10:calibration:D10_POSITIVE_LT1000:situational,calibration
SYNTH-V1-D10-CALIBRATION-010,D10,"My past-year new outside money invested is positive but below 1,000, in GBP.",clarity,D10_POSITIVE_LT1000,fictional_authored_2026-10-04_v1,D10:calibration:D10_POSITIVE_LT1000:situational,calibration
SYNTH-V1-D10-CALIBRATION-011,D10,The record for twelve months shows three thousand pounds sterling of external contributions actually invested.,clarity,D10_FROM1000_LT5000,fictional_authored_2026-10-04_v1,D10:calibration:D10_FROM1000_LT5000:situational,calibration
SYNTH-V1-D10-CALIBRATION-012,D10,"EUR 4200 is my new money invested from outside the portfolio in the last year, with gains excluded.",clarity,D10_FROM1000_LT5000,fictional_authored_2026-10-04_v1,D10:calibration:D10_FROM1000_LT5000:situational,calibration
SYNTH-V1-D10-CALIBRATION-013,D10,"For the past year, 1500 Canadian dollars was the new external amount actually put into investments.",clarity,D10_FROM1000_LT5000,fictional_authored_2026-10-04_v1,D10:calibration:D10_FROM1000_LT5000:situational,calibration
SYNTH-V1-D10-CALIBRATION-014,D10,I invested GBP 2200 from fresh wages in the previous twelve months; no recycled sale proceeds are included.,clarity,D10_FROM1000_LT5000,fictional_authored_2026-10-04_v1,D10:calibration:D10_FROM1000_LT5000:situational,calibration
SYNTH-V1-D10-CALIBRATION-015,D10,"My new outside contribution actually invested over the past year is from 1,000 to below 5,000 in GBP.",clarity,D10_FROM1000_LT5000,fictional_authored_2026-10-04_v1,D10:calibration:D10_FROM1000_LT5000:situational,calibration
SYNTH-V1-D10-CALIBRATION-016,D10,I totalled the actual outside contributions invested over twelve months: seven thousand pounds sterling.,clarity,D10_FROM5000_LT10000,fictional_authored_2026-10-04_v1,D10:calibration:D10_FROM5000_LT10000:situational,calibration
SYNTH-V1-D10-CALIBRATION-017,D10,"The EUR 8200 I added from my bank account was invested in the last year, excluding gains and recycled sales.",clarity,D10_FROM5000_LT10000,fictional_authored_2026-10-04_v1,D10:calibration:D10_FROM5000_LT10000:situational,calibration
SYNTH-V1-D10-CALIBRATION-018,D10,"My new external investment funding during the past year was 5500 Canadian dollars, all actually invested.",clarity,D10_FROM5000_LT10000,fictional_authored_2026-10-04_v1,D10:calibration:D10_FROM5000_LT10000:situational,calibration
SYNTH-V1-D10-CALIBRATION-019,D10,"GBP 6800 of fresh money went into investments over the previous twelve months, not counting sale proceeds.",clarity,D10_FROM5000_LT10000,fictional_authored_2026-10-04_v1,D10:calibration:D10_FROM5000_LT10000:situational,calibration
SYNTH-V1-D10-CALIBRATION-020,D10,"The GBP band for new outside money actually invested in the past year is 5,000 to under 10,000.",clarity,D10_FROM5000_LT10000,fictional_authored_2026-10-04_v1,D10:calibration:D10_FROM5000_LT10000:situational,calibration
SYNTH-V1-D10-CALIBRATION-021,D10,The twelve-month record shows eleven thousand pounds sterling of new external contributions that were invested.,clarity,D10_FROM10000_PLUS,fictional_authored_2026-10-04_v1,D10:calibration:D10_FROM10000_PLUS:situational,calibration
SYNTH-V1-D10-CALIBRATION-022,D10,I actually invested EUR 18000 from outside my existing portfolio in the last year; gains are excluded.,clarity,D10_FROM10000_PLUS,fictional_authored_2026-10-04_v1,D10:calibration:D10_FROM10000_PLUS:situational,calibration
SYNTH-V1-D10-CALIBRATION-023,D10,"For the past year's new outside money invested, my amount is 30000 Canadian dollars.",clarity,D10_FROM10000_PLUS,fictional_authored_2026-10-04_v1,D10:calibration:D10_FROM10000_PLUS:situational,calibration
SYNTH-V1-D10-CALIBRATION-024,D10,"GBP 14000 of fresh external money was invested over the previous twelve months, without counting recycled proceeds.",clarity,D10_FROM10000_PLUS,fictional_authored_2026-10-04_v1,D10:calibration:D10_FROM10000_PLUS:situational,calibration
SYNTH-V1-D10-CALIBRATION-025,D10,"My new external contribution actually invested in the past year falls in 10,000 or more, in pounds.",clarity,D10_FROM10000_PLUS,fictional_authored_2026-10-04_v1,D10:calibration:D10_FROM10000_PLUS:situational,calibration
SYNTH-V1-D11-CALIBRATION-001,D11,"Even if the market recovered before, a future fall could leave part or all of my original money gone permanently.",clarity,D11_LOSS_POSSIBLE,fictional_authored_2026-10-04_v1,D11:calibration:D11_LOSS_POSSIBLE:situational,calibration
SYNTH-V1-D11-CALIBRATION-002,D11,"In my own words, investing this way can mean losing the starting money for good, with no guaranteed return to its old value.",clarity,D11_LOSS_POSSIBLE,fictional_authored_2026-10-04_v1,D11:calibration:D11_LOSS_POSSIBLE:situational,calibration
SYNTH-V1-D11-CALIBRATION-003,D11,"For these market investments, the original capital is not protected from permanent partial or total loss.",clarity,D11_LOSS_POSSIBLE,fictional_authored_2026-10-04_v1,D11:calibration:D11_LOSS_POSSIBLE:situational,calibration
SYNTH-V1-D11-CALIBRATION-004,D11,"I could end up with less than I put in forever, possibly nothing, because recovery isn't assured.",clarity,D11_LOSS_POSSIBLE,fictional_authored_2026-10-04_v1,D11:calibration:D11_LOSS_POSSIBLE:situational,calibration
SYNTH-V1-D11-CALIBRATION-005,D11,"I understand the point: no rule makes every fall recover, and the initial amount can suffer a permanent loss.",clarity,D11_LOSS_POSSIBLE,fictional_authored_2026-10-04_v1,D11:calibration:D11_LOSS_POSSIBLE:situational,calibration
SYNTH-V1-D11-CALIBRATION-006,D11,"I know prices can drop for a while, but I believe they always recover every loss eventually.",clarity,D11_RECOVERY_ALWAYS,fictional_authored_2026-10-04_v1,D11:calibration:D11_RECOVERY_ALWAYS:situational,calibration
SYNTH-V1-D11-CALIBRATION-007,D11,"For these investments whose values vary, I think waiting guarantees that all lost original money comes back.",clarity,D11_RECOVERY_ALWAYS,fictional_authored_2026-10-04_v1,D11:calibration:D11_RECOVERY_ALWAYS:situational,calibration
SYNTH-V1-D11-CALIBRATION-008,D11,I currently believe no market decline stays permanent; full recovery always happens.,clarity,D11_RECOVERY_ALWAYS,fictional_authored_2026-10-04_v1,D11:calibration:D11_RECOVERY_ALWAYS:situational,calibration
SYNTH-V1-D11-CALIBRATION-009,D11,My understanding is that every investment fall must reverse and restore the whole starting amount.,clarity,D11_RECOVERY_ALWAYS,fictional_authored_2026-10-04_v1,D11:calibration:D11_RECOVERY_ALWAYS:situational,calibration
SYNTH-V1-D11-CALIBRATION-010,D11,"I accept temporary falls, but believe a complete recovery of each fall is certain.",clarity,D11_RECOVERY_ALWAYS,fictional_authored_2026-10-04_v1,D11:calibration:D11_RECOVERY_ALWAYS:situational,calibration
SYNTH-V1-D11-CALIBRATION-011,D11,"In these market investments, I believe the starting amount is guaranteed even when prices move.",clarity,D11_CAPITAL_PROTECTED,fictional_authored_2026-10-04_v1,D11:calibration:D11_CAPITAL_PROTECTED:situational,calibration
SYNTH-V1-D11-CALIBRATION-012,D11,I currently think changes in value cannot reduce any of the original capital I put in.,clarity,D11_CAPITAL_PROTECTED,fictional_authored_2026-10-04_v1,D11:calibration:D11_CAPITAL_PROTECTED:situational,calibration
SYNTH-V1-D11-CALIBRATION-013,D11,"My understanding is that the initial money is protected, so only money above that amount can fall.",clarity,D11_CAPITAL_PROTECTED,fictional_authored_2026-10-04_v1,D11:calibration:D11_CAPITAL_PROTECTED:situational,calibration
SYNTH-V1-D11-CALIBRATION-014,D11,I mean the market-investment premise: I believe the capital itself cannot decline.,clarity,D11_CAPITAL_PROTECTED,fictional_authored_2026-10-04_v1,D11:calibration:D11_CAPITAL_PROTECTED:situational,calibration
SYNTH-V1-D11-CALIBRATION-015,D11,"As I see it, I am guaranteed to keep my entire starting amount in an investment whose value rises and falls.",clarity,D11_CAPITAL_PROTECTED,fictional_authored_2026-10-04_v1,D11:calibration:D11_CAPITAL_PROTECTED:situational,calibration
SYNTH-V1-D12-CALIBRATION-001,D12,"I intend to keep most longer, but one included portion will realistically be needed in eighteen months.",clarity,D12_SHORT,fictional_authored_2026-10-04_v1,D12:calibration:D12_SHORT:situational,calibration
SYNTH-V1-D12-CALIBRATION-002,D12,The first actual need I can identify for the agreed funds is two and a half years away.,clarity,D12_SHORT,fictional_authored_2026-10-04_v1,D12:calibration:D12_SHORT:situational,calibration
SYNTH-V1-D12-CALIBRATION-003,D12,My confirmed bill in nine months means I realistically need some of this pot then.,clarity,D12_SHORT,fictional_authored_2026-10-04_v1,D12:calibration:D12_SHORT:situational,calibration
SYNTH-V1-D12-CALIBRATION-004,D12,"For the whole scope, the earliest realistic use is three years exactly.",clarity,D12_SHORT,fictional_authored_2026-10-04_v1,D12:calibration:D12_SHORT:situational,calibration
SYNTH-V1-D12-CALIBRATION-005,D12,"Part of the money is for a payment next week, so that is a realistic need within the agreed pot.",clarity,D12_SHORT,fictional_authored_2026-10-04_v1,D12:calibration:D12_SHORT:situational,calibration
SYNTH-V1-D12-CALIBRATION-006,D12,"I checked every included portion: the first realistic use is in six years, and there is no need before then.",clarity,D12_MEDIUM,fictional_authored_2026-10-04_v1,D12:calibration:D12_MEDIUM:situational,calibration
SYNTH-V1-D12-CALIBRATION-007,D12,My earliest actual payment need for this amount falls nine years from now; nothing included is needed sooner.,clarity,D12_MEDIUM,fictional_authored_2026-10-04_v1,D12:calibration:D12_MEDIUM:situational,calibration
SYNTH-V1-D12-CALIBRATION-008,D12,"The first realistic need is three and a half years away, with earlier needs ruled out for all the agreed money.",clarity,D12_MEDIUM,fictional_authored_2026-10-04_v1,D12:calibration:D12_MEDIUM:situational,calibration
SYNTH-V1-D12-CALIBRATION-009,D12,"This is an actual need date, not an ideal plan: four and a half years, with no earlier included requirement.",clarity,D12_MEDIUM,fictional_authored_2026-10-04_v1,D12:calibration:D12_MEDIUM:situational,calibration
SYNTH-V1-D12-CALIBRATION-010,D12,"For this complete pot, the earliest realistic need is ten years exactly and no part has a sooner need.",clarity,D12_MEDIUM,fictional_authored_2026-10-04_v1,D12:calibration:D12_MEDIUM:situational,calibration
SYNTH-V1-D12-CALIBRATION-011,D12,"After checking each included part, the first realistic use is in thirteen years and none has an earlier need.",clarity,D12_LONG,fictional_authored_2026-10-04_v1,D12:calibration:D12_LONG:situational,calibration
SYNTH-V1-D12-CALIBRATION-012,D12,"My actual earliest payment need for this agreed amount is sixteen years from now, with nothing needed sooner.",clarity,D12_LONG,fictional_authored_2026-10-04_v1,D12:calibration:D12_LONG:situational,calibration
SYNTH-V1-D12-CALIBRATION-013,D12,The first realistic need is ten and a half years away; no included portion needs money earlier.,clarity,D12_LONG,fictional_authored_2026-10-04_v1,D12:calibration:D12_LONG:situational,calibration
SYNTH-V1-D12-CALIBRATION-014,D12,"I have a realistic need in fourteen years rather than just an ideal holding period, and no earlier need exists.",clarity,D12_LONG,fictional_authored_2026-10-04_v1,D12:calibration:D12_LONG:situational,calibration
SYNTH-V1-D12-CALIBRATION-015,D12,"For the complete agreed pot, the earliest realistic requirement is twenty-five years away with earlier needs excluded.",clarity,D12_LONG,fictional_authored_2026-10-04_v1,D12:calibration:D12_LONG:situational,calibration
SYNTH-V1-D13-CALIBRATION-001,D13,"In your loss example, the missing fifth of this amount would leave me struggling to pay the rent.",clarity,D13_ESSENTIALS_DIFFICULT,fictional_authored_2026-10-04_v1,D13:calibration:D13_ESSENTIALS_DIFFICULT:situational,calibration
SYNTH-V1-D13-CALIBRATION-002,D13,I checked the practical impact: a 20% loss of the agreed money could make required repayments hard to meet.,clarity,D13_ESSENTIALS_DIFFICULT,fictional_authored_2026-10-04_v1,D13:calibration:D13_ESSENTIALS_DIFFICULT:situational,calibration
SYNTH-V1-D13-CALIBRATION-003,D13,"For this same pot, losing twenty percent could make it difficult to buy necessary groceries.",clarity,D13_ESSENTIALS_DIFFICULT,fictional_authored_2026-10-04_v1,D13:calibration:D13_ESSENTIALS_DIFFICULT:situational,calibration
SYNTH-V1-D13-CALIBRATION-004,D13,"My answer is about bills: after that 20% loss, some essential expenses might not be manageable.",clarity,D13_ESSENTIALS_DIFFICULT,fictional_authored_2026-10-04_v1,D13:calibration:D13_ESSENTIALS_DIFFICULT:situational,calibration
SYNTH-V1-D13-CALIBRATION-005,D13,"The specified loss could mean difficulty paying necessary heating costs, regardless of how I feel about it.",clarity,D13_ESSENTIALS_DIFFICULT,fictional_authored_2026-10-04_v1,D13:calibration:D13_ESSENTIALS_DIFFICULT:situational,calibration
SYNTH-V1-D13-CALIBRATION-006,D13,"I could still pay every essential bill after losing that fifth, but I would cancel the planned kitchen project.",clarity,D13_ADJUSTMENT,fictional_authored_2026-10-04_v1,D13:calibration:D13_ADJUSTMENT:situational,calibration
SYNTH-V1-D13-CALIBRATION-007,D13,"In this same-money loss example, necessities remain funded; I would switch their funding from this pot to other savings.",clarity,D13_ADJUSTMENT,fictional_authored_2026-10-04_v1,D13:calibration:D13_ADJUSTMENT:situational,calibration
SYNTH-V1-D13-CALIBRATION-008,D13,"The practical effect of a 20% loss is a changed household budget, while all necessary costs remain covered.",clarity,D13_ADJUSTMENT,fictional_authored_2026-10-04_v1,D13:calibration:D13_ADJUSTMENT:situational,calibration
SYNTH-V1-D13-CALIBRATION-009,D13,"For the specified loss, my essential payments stay covered but I would delay the planned tuition payment.",clarity,D13_ADJUSTMENT,fictional_authored_2026-10-04_v1,D13:calibration:D13_ADJUSTMENT:situational,calibration
SYNTH-V1-D13-CALIBRATION-010,D13,"A twenty-percent loss would leave necessities payable, although I would trim leisure spending to rebuild the budget.",clarity,D13_ADJUSTMENT,fictional_authored_2026-10-04_v1,D13:calibration:D13_ADJUSTMENT:situational,calibration
SYNTH-V1-D13-CALIBRATION-011,D13,"I checked the example against the agreed amount: even after the 20% loss, essentials stay covered from the same funding and every budget and plan remains intact.",clarity,D13_UNAFFECTED,fictional_authored_2026-10-04_v1,D13:calibration:D13_UNAFFECTED:situational,calibration
SYNTH-V1-D13-CALIBRATION-012,D13,"The specified loss would not alter my essential payments or their funding arrangements, and neither my budget nor other plans would change.",clarity,D13_UNAFFECTED,fictional_authored_2026-10-04_v1,D13:calibration:D13_UNAFFECTED:situational,calibration
SYNTH-V1-D13-CALIBRATION-013,D13,"For this pot's twenty-percent loss, necessities remain fully covered as before, with the same payment sources and no adjustments to spending or planned activities.",clarity,D13_UNAFFECTED,fictional_authored_2026-10-04_v1,D13:calibration:D13_UNAFFECTED:situational,calibration
SYNTH-V1-D13-CALIBRATION-014,D13,"My practical answer is fully unaffected: essentials, funding, household budget and other known plans all stay the same after the loss.",clarity,D13_UNAFFECTED,fictional_authored_2026-10-04_v1,D13:calibration:D13_UNAFFECTED:situational,calibration
SYNTH-V1-D13-CALIBRATION-015,D13,"After losing a fifth, there is no change to essential coverage or where bill money comes from, and no change to the budget or any other plan.",clarity,D13_UNAFFECTED,fictional_authored_2026-10-04_v1,D13:calibration:D13_UNAFFECTED:situational,calibration
SYNTH-V1-D14-CALIBRATION-001,D14,"Having considered the trade-off, I choose smaller price swings for this pot and accept that means less potential growth and possible losses.",clarity,D14_LOWER,fictional_authored_2026-10-04_v1,D14:calibration:D14_LOWER:situational,calibration
SYNTH-V1-D14-CALIBRATION-002,D14,"My priority is limiting ups and downs, although potential growth is lower; I understand this does not guarantee my money.",clarity,D14_LOWER,fictional_authored_2026-10-04_v1,D14:calibration:D14_LOWER:situational,calibration
SYNTH-V1-D14-CALIBRATION-003,D14,I am deliberately selecting the smaller-fluctuation preference while knowing losses remain possible.,clarity,D14_LOWER,fictional_authored_2026-10-04_v1,D14:calibration:D14_LOWER:situational,calibration
SYNTH-V1-D14-CALIBRATION-004,D14,"For the agreed amount I would rather have less potential growth in exchange for smaller movements, with loss risk still present.",clarity,D14_LOWER,fictional_authored_2026-10-04_v1,D14:calibration:D14_LOWER:situational,calibration
SYNTH-V1-D14-CALIBRATION-005,D14,"The lower-growth, smaller-swings trade-off suits my stated preference; I do not mean the capital is protected.",clarity,D14_LOWER,fictional_authored_2026-10-04_v1,D14:calibration:D14_LOWER:situational,calibration
SYNTH-V1-D14-CALIBRATION-006,D14,"After weighing the choices, I deliberately prefer a balance of potential growth and limiting volatility, with losses still possible.",clarity,D14_BALANCED,fictional_authored_2026-10-04_v1,D14:calibration:D14_BALANCED:situational,calibration
SYNTH-V1-D14-CALIBRATION-007,D14,"This is a chosen balance, not indecision: growth potential and limited ups and downs both matter, and I accept possible loss.",clarity,D14_BALANCED,fictional_authored_2026-10-04_v1,D14:calibration:D14_BALANCED:situational,calibration
SYNTH-V1-D14-CALIBRATION-008,D14,"The agreed money's trade-off is balancing possible growth against price swings, with investment losses accepted.",clarity,D14_BALANCED,fictional_authored_2026-10-04_v1,D14:calibration:D14_BALANCED:situational,calibration
SYNTH-V1-D14-CALIBRATION-009,D14,I want neither aim to dominate: I choose balancing growth potential and limiting fluctuations while knowing losses can happen.,clarity,D14_BALANCED,fictional_authored_2026-10-04_v1,D14:calibration:D14_BALANCED:situational,calibration
SYNTH-V1-D14-CALIBRATION-010,D14,My actual preference is the stated balance between potential growth and limiting value movements; I accept loss remains possible.,clarity,D14_BALANCED,fictional_authored_2026-10-04_v1,D14:calibration:D14_BALANCED:situational,calibration
SYNTH-V1-D14-CALIBRATION-011,D14,"I have considered the full trade-off and place greater potential growth first, including accepting bigger swings and permanent loss.",clarity,D14_GREATER,fictional_authored_2026-10-04_v1,D14:calibration:D14_GREATER:situational,calibration
SYNTH-V1-D14-CALIBRATION-012,D14,"For the agreed pot, I knowingly prioritise more growth potential over smaller fluctuations and accept that losses may be permanent.",clarity,D14_GREATER,fictional_authored_2026-10-04_v1,D14:calibration:D14_GREATER:situational,calibration
SYNTH-V1-D14-CALIBRATION-013,D14,"I am choosing greater potential growth, with both larger price movements and the possibility of losing original money for good accepted.",clarity,D14_GREATER,fictional_authored_2026-10-04_v1,D14:calibration:D14_GREATER:situational,calibration
SYNTH-V1-D14-CALIBRATION-014,D14,My stated preference is higher potential growth despite larger ups and downs and permanent-loss risk.,clarity,D14_GREATER,fictional_authored_2026-10-04_v1,D14:calibration:D14_GREATER:situational,calibration
SYNTH-V1-D14-CALIBRATION-015,D14,"I accept the complete greater-growth trade-off: larger fluctuations and possible permanent loss, without assuming a guaranteed return.",clarity,D14_GREATER,fictional_authored_2026-10-04_v1,D14:calibration:D14_GREATER:situational,calibration
SYNTH-V1-D15-CALIBRATION-001,D15,"I can imagine your premise with every necessary cost and known plan covered, but the 20% fall itself would still be emotionally unacceptable.",clarity,D15_UNACCEPTABLE,fictional_authored_2026-10-04_v1,D15:calibration:D15_UNACCEPTABLE:situational,calibration
SYNTH-V1-D15-CALIBRATION-002,D15,"Without relying on recovery, I could not accept that feeling of a fifth falling away, even while bills and plans remained funded.",clarity,D15_UNACCEPTABLE,fictional_authored_2026-10-04_v1,D15:calibration:D15_UNACCEPTABLE:situational,calibration
SYNTH-V1-D15-CALIBRATION-003,D15,My reaction under the specified covered-cost example is too much emotional discomfort to accept the situation.,clarity,D15_UNACCEPTABLE,fictional_authored_2026-10-04_v1,D15:calibration:D15_UNACCEPTABLE:situational,calibration
SYNTH-V1-D15-CALIBRATION-004,D15,"For this feelings question, the practical costs are covered; emotionally I would reject the twenty-percent fall as unacceptable.",clarity,D15_UNACCEPTABLE,fictional_authored_2026-10-04_v1,D15:calibration:D15_UNACCEPTABLE:situational,calibration
SYNTH-V1-D15-CALIBRATION-005,D15,"Even if my essentials and plans stayed covered exactly as you describe, I could not accept the discomfort of that loss.",clarity,D15_UNACCEPTABLE,fictional_authored_2026-10-04_v1,D15:calibration:D15_UNACCEPTABLE:situational,calibration
SYNTH-V1-D15-CALIBRATION-006,D15,I can imagine all necessary costs and known plans staying covered; I would feel worried about the fall but emotionally able to accept it.,clarity,D15_WORRIED_ACCEPTABLE,fictional_authored_2026-10-04_v1,D15:calibration:D15_WORRIED_ACCEPTABLE:situational,calibration
SYNTH-V1-D15-CALIBRATION-007,D15,"With no promise that the loss returns, I would worry about the missing fifth yet accept the covered-cost situation.",clarity,D15_WORRIED_ACCEPTABLE,fictional_authored_2026-10-04_v1,D15:calibration:D15_WORRIED_ACCEPTABLE:situational,calibration
SYNTH-V1-D15-CALIBRATION-008,D15,"My reaction in your example is concern rather than comfort, but the 20% fall would still be acceptable to me emotionally.",clarity,D15_WORRIED_ACCEPTABLE,fictional_authored_2026-10-04_v1,D15:calibration:D15_WORRIED_ACCEPTABLE:situational,calibration
SYNTH-V1-D15-CALIBRATION-009,D15,"Under the covered-bills-and-plans premise, I could live with the fall emotionally while feeling anxious about it.",clarity,D15_WORRIED_ACCEPTABLE,fictional_authored_2026-10-04_v1,D15:calibration:D15_WORRIED_ACCEPTABLE:situational,calibration
SYNTH-V1-D15-CALIBRATION-010,D15,"The worry would be real, but I could accept this specified twenty-percent fall without needing guaranteed recovery.",clarity,D15_WORRIED_ACCEPTABLE,fictional_authored_2026-10-04_v1,D15:calibration:D15_WORRIED_ACCEPTABLE:situational,calibration
SYNTH-V1-D15-CALIBRATION-011,D15,"I can imagine the necessary costs and known plans staying covered, and I would feel comfortable rather than worried about the specified fall.",clarity,D15_COMFORTABLE,fictional_authored_2026-10-04_v1,D15:calibration:D15_COMFORTABLE:situational,calibration
SYNTH-V1-D15-CALIBRATION-012,D15,"Even without a promise of recovery, I would be at ease with little concern in your covered-cost example.",clarity,D15_COMFORTABLE,fictional_authored_2026-10-04_v1,D15:calibration:D15_COMFORTABLE:situational,calibration
SYNTH-V1-D15-CALIBRATION-013,D15,My emotional response to this twenty-percent fall with bills and plans covered would be comfort and minimal worry.,clarity,D15_COMFORTABLE,fictional_authored_2026-10-04_v1,D15:calibration:D15_COMFORTABLE:situational,calibration
SYNTH-V1-D15-CALIBRATION-014,D15,"Under the premise you gave, I would remain comfortable with hardly any worry about the missing fifth.",clarity,D15_COMFORTABLE,fictional_authored_2026-10-04_v1,D15:calibration:D15_COMFORTABLE:situational,calibration
SYNTH-V1-D15-CALIBRATION-015,D15,"For this example only, the loss itself would leave me feeling at ease and little worried, with costs and plans still covered.",clarity,D15_COMFORTABLE,fictional_authored_2026-10-04_v1,D15:calibration:D15_COMFORTABLE:situational,calibration
SYNTH-V1-D1-CALIBRATION-041,D1,I understand the question; I have not settled on a use for this money.,undecided,,fictional_authored_2026-10-04_v1,D1:calibration:undecided:authored_contrasts,calibration
SYNTH-V1-D1-CALIBRATION-042,D1,"There are several pots somewhere, but I don't know which ones we're discussing or what they're for.",undecided,,fictional_authored_2026-10-04_v1,D1:calibration:undecided:authored_contrasts,calibration
SYNTH-V1-D1-CALIBRATION-043,D1,"Maybe buying a flat, maybe just wealth building. I have not chosen.",undecided,,fictional_authored_2026-10-04_v1,D1:calibration:undecided:authored_contrasts,calibration
SYNTH-V1-D1-CALIBRATION-044,D1,My friend's money is for retirement; I have not told you my own purpose.,undecided,,fictional_authored_2026-10-04_v1,D1:calibration:undecided:authored_contrasts,calibration
SYNTH-V1-D1-CALIBRATION-045,D1,"I once saved for a car, but that doesn't tell you what this present amount is for.",undecided,,fictional_authored_2026-10-04_v1,D1:calibration:undecided:authored_contrasts,calibration
SYNTH-V1-D1-CALIBRATION-046,D1,"None of these fits, and I cannot name another purpose yet.",undecided,,fictional_authored_2026-10-04_v1,D1:calibration:undecided:authored_contrasts,calibration
SYNTH-V1-D1-CALIBRATION-047,D1,I know the options but prefer not to disclose the purpose.,undecided,,fictional_authored_2026-10-04_v1,D1:calibration:undecided:authored_contrasts,calibration
SYNTH-V1-D1-CALIBRATION-048,D1,Every included pound is for buying a home; none of it is for buying a home.,undecided,,fictional_authored_2026-10-04_v1,D1:calibration:undecided:authored_contrasts,calibration
SYNTH-V1-D1-CALIBRATION-049,D1,"Some might be emergency money, although I don't know whether that applies to this pot.",undecided,,fictional_authored_2026-10-04_v1,D1:calibration:undecided:authored_contrasts,calibration
SYNTH-V1-D1-CALIBRATION-050,D1,"It is for something in the future, but I cannot identify what.",undecided,,fictional_authored_2026-10-04_v1,D1:calibration:undecided:authored_contrasts,calibration
SYNTH-V1-D1-CALIBRATION-051,D1,I don't understand what you're asking me to identify as a purpose.,confusion,,fictional_authored_2026-10-04_v1,D1:calibration:confusion:authored_contrasts,calibration
SYNTH-V1-D1-CALIBRATION-052,D1,Can you define general wealth building before I answer?,confusion,,fictional_authored_2026-10-04_v1,D1:calibration:confusion:authored_contrasts,calibration
SYNTH-V1-D1-CALIBRATION-053,D1,I'm lost: how is retirement different from growing wealth for retirement?,confusion,,fictional_authored_2026-10-04_v1,D1:calibration:confusion:authored_contrasts,calibration
SYNTH-V1-D1-CALIBRATION-054,D1,Which part of the sentence am I meant to answer?,confusion,,fictional_authored_2026-10-04_v1,D1:calibration:confusion:authored_contrasts,calibration
SYNTH-V1-D1-CALIBRATION-055,D1,I can't follow the meaning of the home-purchase option.,confusion,,fictional_authored_2026-10-04_v1,D1:calibration:confusion:authored_contrasts,calibration
SYNTH-V1-D1-CALIBRATION-056,D1,Could you help me with this question? I haven't given an answer.,confusion,,fictional_authored_2026-10-04_v1,D1:calibration:confusion:authored_contrasts,calibration
SYNTH-V1-D1-CALIBRATION-057,D1,What does earmarked mean here?,confusion,,fictional_authored_2026-10-04_v1,D1:calibration:confusion:authored_contrasts,calibration
SYNTH-V1-D1-CALIBRATION-058,D1,Can we talk about football results?,confusion,,fictional_authored_2026-10-04_v1,D1:calibration:confusion:authored_contrasts,calibration
SYNTH-V1-D1-CALIBRATION-059,D1,The purple spoon sings at lunchtime.,confusion,,fictional_authored_2026-10-04_v1,D1:calibration:confusion:authored_contrasts,calibration
SYNTH-V1-D1-CALIBRATION-060,D1,I don't get how these goal choices work.,confusion,,fictional_authored_2026-10-04_v1,D1:calibration:confusion:authored_contrasts,calibration
SYNTH-V1-D2-CALIBRATION-026,D2,"I understand what age means, but I'd prefer to leave this one unanswered.",undecided,,fictional_authored_2026-10-04_v1,D2:calibration:undecided:authored_contrasts,calibration
SYNTH-V1-D2-CALIBRATION-027,D2,My estimate is somewhere between thirty-three and thirty-six.,undecided,,fictional_authored_2026-10-04_v1,D2:calibration:undecided:authored_contrasts,calibration
SYNTH-V1-D2-CALIBRATION-028,D2,I am near retirement; I am not giving my age.,undecided,,fictional_authored_2026-10-04_v1,D2:calibration:undecided:authored_contrasts,calibration
SYNTH-V1-D2-CALIBRATION-029,D2,"My father is seventy, and that is all I have told you.",undecided,,fictional_authored_2026-10-04_v1,D2:calibration:undecided:authored_contrasts,calibration
SYNTH-V1-D2-CALIBRATION-030,D2,I was seventeen in an old photo; I have not specified my current age.,undecided,,fictional_authored_2026-10-04_v1,D2:calibration:undecided:authored_contrasts,calibration
SYNTH-V1-D2-CALIBRATION-031,D2,I cannot remember whether my current age is forty-nine or fifty.,undecided,,fictional_authored_2026-10-04_v1,D2:calibration:undecided:authored_contrasts,calibration
SYNTH-V1-D2-CALIBRATION-032,D2,I'm an adult but don't want to disclose a band.,undecided,,fictional_authored_2026-10-04_v1,D2:calibration:undecided:authored_contrasts,calibration
SYNTH-V1-D2-CALIBRATION-033,D2,I am fifty-eight and currently twenty-two at the same time.,undecided,,fictional_authored_2026-10-04_v1,D2:calibration:undecided:authored_contrasts,calibration
SYNTH-V1-D2-CALIBRATION-034,D2,None of those ranges feels right; I won't choose one.,undecided,,fictional_authored_2026-10-04_v1,D2:calibration:undecided:authored_contrasts,calibration
SYNTH-V1-D2-CALIBRATION-035,D2,I could be sixty-four or sixty-five; I have not worked it out.,undecided,,fictional_authored_2026-10-04_v1,D2:calibration:undecided:authored_contrasts,calibration
SYNTH-V1-D2-CALIBRATION-036,D2,I'm confused by what range means in your age question.,confusion,,fictional_authored_2026-10-04_v1,D2:calibration:confusion:authored_contrasts,calibration
SYNTH-V1-D2-CALIBRATION-037,D2,Does age band mean a music group? I don't follow.,confusion,,fictional_authored_2026-10-04_v1,D2:calibration:confusion:authored_contrasts,calibration
SYNTH-V1-D2-CALIBRATION-038,D2,Please clarify what the numbers beside age signify.,confusion,,fictional_authored_2026-10-04_v1,D2:calibration:confusion:authored_contrasts,calibration
SYNTH-V1-D2-CALIBRATION-039,D2,I cannot understand the wording about which age range I am in.,confusion,,fictional_authored_2026-10-04_v1,D2:calibration:confusion:authored_contrasts,calibration
SYNTH-V1-D2-CALIBRATION-040,D2,Could you help with the age question without an answer from me yet?,confusion,,fictional_authored_2026-10-04_v1,D2:calibration:confusion:authored_contrasts,calibration
SYNTH-V1-D2-CALIBRATION-041,D2,I don't get whether you want a birthday or an age.,confusion,,fictional_authored_2026-10-04_v1,D2:calibration:confusion:authored_contrasts,calibration
SYNTH-V1-D2-CALIBRATION-042,D2,Explain the phrase sixty-five or older.,confusion,,fictional_authored_2026-10-04_v1,D2:calibration:confusion:authored_contrasts,calibration
SYNTH-V1-D2-CALIBRATION-043,D2,Please describe today's cinema listings.,confusion,,fictional_authored_2026-10-04_v1,D2:calibration:confusion:authored_contrasts,calibration
SYNTH-V1-D2-CALIBRATION-044,D2,Orange triangles live inside clocks.,confusion,,fictional_authored_2026-10-04_v1,D2:calibration:confusion:authored_contrasts,calibration
SYNTH-V1-D2-CALIBRATION-045,D2,The choice format has me lost; what am I being asked?,confusion,,fictional_authored_2026-10-04_v1,D2:calibration:confusion:authored_contrasts,calibration
SYNTH-V1-D3-CALIBRATION-031,D3,"I understand the amount question, but I cannot establish the current total.",undecided,,fictional_authored_2026-10-04_v1,D3:calibration:undecided:authored_contrasts,calibration
SYNTH-V1-D3-CALIBRATION-032,D3,"The pot is positive, although I cannot identify its amount.",undecided,,fictional_authored_2026-10-04_v1,D3:calibration:undecided:authored_contrasts,calibration
SYNTH-V1-D3-CALIBRATION-033,D3,"I have 12000 currently, but haven't selected or named a currency.",undecided,,fictional_authored_2026-10-04_v1,D3:calibration:undecided:authored_contrasts,calibration
SYNTH-V1-D3-CALIBRATION-034,D3,My sister owns GBP 7000. I have not described my own included funds.,undecided,,fictional_authored_2026-10-04_v1,D3:calibration:undecided:authored_contrasts,calibration
SYNTH-V1-D3-CALIBRATION-035,D3,"Years ago I had EUR 40000, but I don't know the current included amount.",undecided,,fictional_authored_2026-10-04_v1,D3:calibration:undecided:authored_contrasts,calibration
SYNTH-V1-D3-CALIBRATION-036,D3,For this present pot it is between GBP 19000 and GBP 21000.,undecided,,fictional_authored_2026-10-04_v1,D3:calibration:undecided:authored_contrasts,calibration
SYNTH-V1-D3-CALIBRATION-037,D3,"I intend to save GBP 60000 later, but today's existing amount is unknown.",undecided,,fictional_authored_2026-10-04_v1,D3:calibration:undecided:authored_contrasts,calibration
SYNTH-V1-D3-CALIBRATION-038,D3,"This current pot contains GBP 700 and GBP 70000 simultaneously, with neither figure withdrawn.",undecided,,fictional_authored_2026-10-04_v1,D3:calibration:undecided:authored_contrasts,calibration
SYNTH-V1-D3-CALIBRATION-039,D3,I am unsure which of my balances belongs in this conversation.,undecided,,fictional_authored_2026-10-04_v1,D3:calibration:undecided:authored_contrasts,calibration
SYNTH-V1-D3-CALIBRATION-040,D3,"None of the amount choices fits what I can disclose, and I won't specify an amount band.",undecided,,fictional_authored_2026-10-04_v1,D3:calibration:undecided:authored_contrasts,calibration
SYNTH-V1-D3-CALIBRATION-041,D3,I can't follow the meaning of existing funds in this question.,confusion,,fictional_authored_2026-10-04_v1,D3:calibration:confusion:authored_contrasts,calibration
SYNTH-V1-D3-CALIBRATION-042,D3,"What is a currency, in the amount choices?",confusion,,fictional_authored_2026-10-04_v1,D3:calibration:confusion:authored_contrasts,calibration
SYNTH-V1-D3-CALIBRATION-043,D3,I don't understand the difference between a target and current money.,confusion,,fictional_authored_2026-10-04_v1,D3:calibration:confusion:authored_contrasts,calibration
SYNTH-V1-D3-CALIBRATION-044,D3,Could you explain what less than means on these ranges?,confusion,,fictional_authored_2026-10-04_v1,D3:calibration:confusion:authored_contrasts,calibration
SYNTH-V1-D3-CALIBRATION-045,D3,I need help with the amount question before giving any financial answer.,confusion,,fictional_authored_2026-10-04_v1,D3:calibration:confusion:authored_contrasts,calibration
SYNTH-V1-D3-CALIBRATION-046,D3,What does in scope mean? I don't understand it.,confusion,,fictional_authored_2026-10-04_v1,D3:calibration:confusion:authored_contrasts,calibration
SYNTH-V1-D3-CALIBRATION-047,D3,Please define a pot of money in plain language.,confusion,,fictional_authored_2026-10-04_v1,D3:calibration:confusion:authored_contrasts,calibration
SYNTH-V1-D3-CALIBRATION-048,D3,Can you identify that bird outside?,confusion,,fictional_authored_2026-10-04_v1,D3:calibration:confusion:authored_contrasts,calibration
SYNTH-V1-D3-CALIBRATION-049,D3,Square clouds dance backwards.,confusion,,fictional_authored_2026-10-04_v1,D3:calibration:confusion:authored_contrasts,calibration
SYNTH-V1-D3-CALIBRATION-050,D3,I do not understand why you ask which money is included.,confusion,,fictional_authored_2026-10-04_v1,D3:calibration:confusion:authored_contrasts,calibration
SYNTH-V1-D4-CALIBRATION-031,D4,"I understand you're asking where it is now, but I don't know the account type.",undecided,,fictional_authored_2026-10-04_v1,D4:calibration:undecided:authored_contrasts,calibration
SYNTH-V1-D4-CALIBRATION-032,D4,This amount used to be in shares; I haven't told you its present location.,undecided,,fictional_authored_2026-10-04_v1,D4:calibration:undecided:authored_contrasts,calibration
SYNTH-V1-D4-CALIBRATION-033,D4,My partner's savings are fixed-term. I haven't identified the location of this pot.,undecided,,fictional_authored_2026-10-04_v1,D4:calibration:undecided:authored_contrasts,calibration
SYNTH-V1-D4-CALIBRATION-034,D4,"I receive a pension payment, but I don't know where the agreed money is currently held.",undecided,,fictional_authored_2026-10-04_v1,D4:calibration:undecided:authored_contrasts,calibration
SYNTH-V1-D4-CALIBRATION-035,D4,"It is in another arrangement, whose location I cannot name.",undecided,,fictional_authored_2026-10-04_v1,D4:calibration:undecided:authored_contrasts,calibration
SYNTH-V1-D4-CALIBRATION-036,D4,"I owe a loan balance; that is all I've told you, rather than where my money sits.",undecided,,fictional_authored_2026-10-04_v1,D4:calibration:undecided:authored_contrasts,calibration
SYNTH-V1-D4-CALIBRATION-037,D4,It could be my pension or a separate share account. I cannot tell which contains this money.,undecided,,fictional_authored_2026-10-04_v1,D4:calibration:undecided:authored_contrasts,calibration
SYNTH-V1-D4-CALIBRATION-038,D4,The entire agreed pot is in a current account and none of it is in any account.,undecided,,fictional_authored_2026-10-04_v1,D4:calibration:undecided:authored_contrasts,calibration
SYNTH-V1-D4-CALIBRATION-039,D4,"None of the locations fits, and I have not named an alternative place.",undecided,,fictional_authored_2026-10-04_v1,D4:calibration:undecided:authored_contrasts,calibration
SYNTH-V1-D4-CALIBRATION-040,D4,I know what you mean but prefer not to disclose the location.,undecided,,fictional_authored_2026-10-04_v1,D4:calibration:undecided:authored_contrasts,calibration
SYNTH-V1-D4-CALIBRATION-041,D4,I don't understand the term fixed-term savings.,confusion,,fictional_authored_2026-10-04_v1,D4:calibration:confusion:authored_contrasts,calibration
SYNTH-V1-D4-CALIBRATION-042,D4,Could you define a pension wrapper for me?,confusion,,fictional_authored_2026-10-04_v1,D4:calibration:confusion:authored_contrasts,calibration
SYNTH-V1-D4-CALIBRATION-043,D4,What is the distinction between an account and the assets inside it? I'm confused.,confusion,,fictional_authored_2026-10-04_v1,D4:calibration:confusion:authored_contrasts,calibration
SYNTH-V1-D4-CALIBRATION-044,D4,I cannot follow what holding location means here.,confusion,,fictional_authored_2026-10-04_v1,D4:calibration:confusion:authored_contrasts,calibration
SYNTH-V1-D4-CALIBRATION-045,D4,Help me with this location question; no answer from me yet.,confusion,,fictional_authored_2026-10-04_v1,D4:calibration:confusion:authored_contrasts,calibration
SYNTH-V1-D4-CALIBRATION-046,D4,Does held mean physically carrying cash? I don't understand the choices.,confusion,,fictional_authored_2026-10-04_v1,D4:calibration:confusion:authored_contrasts,calibration
SYNTH-V1-D4-CALIBRATION-047,D4,Explain easy-access before I answer.,confusion,,fictional_authored_2026-10-04_v1,D4:calibration:confusion:authored_contrasts,calibration
SYNTH-V1-D4-CALIBRATION-048,D4,What films are playing this weekend?,confusion,,fictional_authored_2026-10-04_v1,D4:calibration:confusion:authored_contrasts,calibration
SYNTH-V1-D4-CALIBRATION-049,D4,Blue feathers divide Tuesday.,confusion,,fictional_authored_2026-10-04_v1,D4:calibration:confusion:authored_contrasts,calibration
SYNTH-V1-D4-CALIBRATION-050,D4,I need the wording of this question explained.,confusion,,fictional_authored_2026-10-04_v1,D4:calibration:confusion:authored_contrasts,calibration
SYNTH-V1-D5-CALIBRATION-041,D5,"I understand what pays the bills means, but cannot identify my current funding source.",undecided,,fictional_authored_2026-10-04_v1,D5:calibration:undecided:authored_contrasts,calibration
SYNTH-V1-D5-CALIBRATION-042,D5,My father lives on his pension; I haven't told you how I fund my own costs.,undecided,,fictional_authored_2026-10-04_v1,D5:calibration:undecided:authored_contrasts,calibration
SYNTH-V1-D5-CALIBRATION-043,D5,"I used to pay bills from wages, but I haven't described the present source.",undecided,,fictional_authored_2026-10-04_v1,D5:calibration:undecided:authored_contrasts,calibration
SYNTH-V1-D5-CALIBRATION-044,D5,I own pension savings but haven't said I receive payments or use them for living costs.,undecided,,fictional_authored_2026-10-04_v1,D5:calibration:undecided:authored_contrasts,calibration
SYNTH-V1-D5-CALIBRATION-045,D5,"I get some money occasionally, and I don't know whether there is a regular source for my bills.",undecided,,fictional_authored_2026-10-04_v1,D5:calibration:undecided:authored_contrasts,calibration
SYNTH-V1-D5-CALIBRATION-046,D5,"Maybe savings, maybe family support. I cannot identify what currently pays living costs.",undecided,,fictional_authored_2026-10-04_v1,D5:calibration:undecided:authored_contrasts,calibration
SYNTH-V1-D5-CALIBRATION-047,D5,The only answer I can give is another regular source without naming it.,undecided,,fictional_authored_2026-10-04_v1,D5:calibration:undecided:authored_contrasts,calibration
SYNTH-V1-D5-CALIBRATION-048,D5,"No source regularly funds my living costs, yet rental receipts regularly fund them all.",undecided,,fictional_authored_2026-10-04_v1,D5:calibration:undecided:authored_contrasts,calibration
SYNTH-V1-D5-CALIBRATION-049,D5,None of these fits my situation and I haven't identified another funding source.,undecided,,fictional_authored_2026-10-04_v1,D5:calibration:undecided:authored_contrasts,calibration
SYNTH-V1-D5-CALIBRATION-050,D5,I understand the request but choose not to disclose living-cost funding.,undecided,,fictional_authored_2026-10-04_v1,D5:calibration:undecided:authored_contrasts,calibration
SYNTH-V1-D5-CALIBRATION-051,D5,I can't follow the meaning of a regular source.,confusion,,fictional_authored_2026-10-04_v1,D5:calibration:confusion:authored_contrasts,calibration
SYNTH-V1-D5-CALIBRATION-052,D5,Explain how pension payments differ from savings inside a pension.,confusion,,fictional_authored_2026-10-04_v1,D5:calibration:confusion:authored_contrasts,calibration
SYNTH-V1-D5-CALIBRATION-053,D5,What is a withdrawal? I don't understand that choice.,confusion,,fictional_authored_2026-10-04_v1,D5:calibration:confusion:authored_contrasts,calibration
SYNTH-V1-D5-CALIBRATION-054,D5,I'm confused about whether you're asking where money is held or what pays bills.,confusion,,fictional_authored_2026-10-04_v1,D5:calibration:confusion:authored_contrasts,calibration
SYNTH-V1-D5-CALIBRATION-055,D5,Could you help me answer this living-cost question?,confusion,,fictional_authored_2026-10-04_v1,D5:calibration:confusion:authored_contrasts,calibration
SYNTH-V1-D5-CALIBRATION-056,D5,What does self-employment mean in the list?,confusion,,fictional_authored_2026-10-04_v1,D5:calibration:confusion:authored_contrasts,calibration
SYNTH-V1-D5-CALIBRATION-057,D5,I don't understand what benefits or support refers to.,confusion,,fictional_authored_2026-10-04_v1,D5:calibration:confusion:authored_contrasts,calibration
SYNTH-V1-D5-CALIBRATION-058,D5,Can we discuss gardening instead?,confusion,,fictional_authored_2026-10-04_v1,D5:calibration:confusion:authored_contrasts,calibration
SYNTH-V1-D5-CALIBRATION-059,D5,The pavement swallowed a violin.,confusion,,fictional_authored_2026-10-04_v1,D5:calibration:confusion:authored_contrasts,calibration
SYNTH-V1-D5-CALIBRATION-060,D5,I need the question's meaning explained before I can reply.,confusion,,fictional_authored_2026-10-04_v1,D5:calibration:confusion:authored_contrasts,calibration
SYNTH-V1-D6-CALIBRATION-016,D6,I understand the year-long example but cannot tell whether other money covers all or only some costs.,undecided,,fictional_authored_2026-10-04_v1,D6:calibration:undecided:authored_contrasts,calibration
SYNTH-V1-D6-CALIBRATION-017,D6,My other funds arrive at the end of the year; I haven't identified how earlier bills would be paid.,undecided,,fictional_authored_2026-10-04_v1,D6:calibration:undecided:authored_contrasts,calibration
SYNTH-V1-D6-CALIBRATION-018,D6,"I can cover essentials for one month, but I don't know about the remaining eleven.",undecided,,fictional_authored_2026-10-04_v1,D6:calibration:undecided:authored_contrasts,calibration
SYNTH-V1-D6-CALIBRATION-019,D6,My brother says his bills are covered for a year; I have not described mine.,undecided,,fictional_authored_2026-10-04_v1,D6:calibration:undecided:authored_contrasts,calibration
SYNTH-V1-D6-CALIBRATION-020,D6,"I had enough backup last year, but don't know today's resources for this scenario.",undecided,,fictional_authored_2026-10-04_v1,D6:calibration:undecided:authored_contrasts,calibration
SYNTH-V1-D6-CALIBRATION-021,D6,"Other funds cover all necessary costs for twelve months, but none of those costs is covered.",undecided,,fictional_authored_2026-10-04_v1,D6:calibration:undecided:authored_contrasts,calibration
SYNTH-V1-D6-CALIBRATION-022,D6,"I have a good salary, although I don't know how much of the necessary costs it would cover without this money.",undecided,,fictional_authored_2026-10-04_v1,D6:calibration:undecided:authored_contrasts,calibration
SYNTH-V1-D6-CALIBRATION-023,D6,"Probably all, but I haven't checked the repayment costs or when the backup is usable.",undecided,,fictional_authored_2026-10-04_v1,D6:calibration:undecided:authored_contrasts,calibration
SYNTH-V1-D6-CALIBRATION-024,D6,None of the choices fits the coverage I can identify; I cannot give a category.,undecided,,fictional_authored_2026-10-04_v1,D6:calibration:undecided:authored_contrasts,calibration
SYNTH-V1-D6-CALIBRATION-025,D6,"I know what is being asked, but prefer not to answer how much is covered.",undecided,,fictional_authored_2026-10-04_v1,D6:calibration:undecided:authored_contrasts,calibration
SYNTH-V1-D6-CALIBRATION-026,D6,I don't understand the phrase necessary costs in this example.,confusion,,fictional_authored_2026-10-04_v1,D6:calibration:confusion:authored_contrasts,calibration
SYNTH-V1-D6-CALIBRATION-027,D6,Are we pretending the money disappears for a year? I don't follow the premise.,confusion,,fictional_authored_2026-10-04_v1,D6:calibration:confusion:authored_contrasts,calibration
SYNTH-V1-D6-CALIBRATION-028,D6,"I would pay the bills from the unavailable pot itself, so that's my other backup.",confusion,,fictional_authored_2026-10-04_v1,D6:calibration:confusion:authored_contrasts,calibration
SYNTH-V1-D6-CALIBRATION-029,D6,What does usable when bills fall due mean?,confusion,,fictional_authored_2026-10-04_v1,D6:calibration:confusion:authored_contrasts,calibration
SYNTH-V1-D6-CALIBRATION-030,D6,Help me understand this twelve-month coverage question.,confusion,,fictional_authored_2026-10-04_v1,D6:calibration:confusion:authored_contrasts,calibration
SYNTH-V1-D6-CALIBRATION-031,D6,I can't grasp the difference between unavailable and a twenty-percent loss.,confusion,,fictional_authored_2026-10-04_v1,D6:calibration:confusion:authored_contrasts,calibration
SYNTH-V1-D6-CALIBRATION-032,D6,Can you explain other resources in simpler words?,confusion,,fictional_authored_2026-10-04_v1,D6:calibration:confusion:authored_contrasts,calibration
SYNTH-V1-D6-CALIBRATION-033,D6,What are the opening hours of the aquarium?,confusion,,fictional_authored_2026-10-04_v1,D6:calibration:confusion:authored_contrasts,calibration
SYNTH-V1-D6-CALIBRATION-034,D6,My umbrella tastes like arithmetic.,confusion,,fictional_authored_2026-10-04_v1,D6:calibration:confusion:authored_contrasts,calibration
SYNTH-V1-D6-CALIBRATION-035,D6,I don't understand why this same pot can't count as its own backup.,confusion,,fictional_authored_2026-10-04_v1,D6:calibration:confusion:authored_contrasts,calibration
SYNTH-V1-D7-CALIBRATION-021,D7,"I understand the choices, but do not know whether I have a payment obligation now.",undecided,,fictional_authored_2026-10-04_v1,D7:calibration:undecided:authored_contrasts,calibration
SYNTH-V1-D7-CALIBRATION-022,D7,None of these fits what I can report; I can't select a repayment status.,undecided,,fictional_authored_2026-10-04_v1,D7:calibration:undecided:authored_contrasts,calibration
SYNTH-V1-D7-CALIBRATION-023,D7,"My loan balance is GBP 10000, but that doesn't specify current repayment status.",undecided,,fictional_authored_2026-10-04_v1,D7:calibration:undecided:authored_contrasts,calibration
SYNTH-V1-D7-CALIBRATION-024,D7,My mother is keeping up easily; I haven't described my own repayments.,undecided,,fictional_authored_2026-10-04_v1,D7:calibration:undecided:authored_contrasts,calibration
SYNTH-V1-D7-CALIBRATION-025,D7,"I used to have overdue payments, but don't know my current position.",undecided,,fictional_authored_2026-10-04_v1,D7:calibration:undecided:authored_contrasts,calibration
SYNTH-V1-D7-CALIBRATION-026,D7,"I think maybe none are due, though I am not certain.",undecided,,fictional_authored_2026-10-04_v1,D7:calibration:undecided:authored_contrasts,calibration
SYNTH-V1-D7-CALIBRATION-027,D7,I am paying something regularly but haven't identified whether every required instalment is met or how difficult it is.,undecided,,fictional_authored_2026-10-04_v1,D7:calibration:undecided:authored_contrasts,calibration
SYNTH-V1-D7-CALIBRATION-028,D7,"No repayment is required now, and there is a required repayment overdue now.",undecided,,fictional_authored_2026-10-04_v1,D7:calibration:undecided:authored_contrasts,calibration
SYNTH-V1-D7-CALIBRATION-029,D7,I know what you're asking but don't want to disclose my repayment situation.,undecided,,fictional_authored_2026-10-04_v1,D7:calibration:undecided:authored_contrasts,calibration
SYNTH-V1-D7-CALIBRATION-030,D7,"The debt exists, but I cannot confirm the amount due or whether I am keeping up.",undecided,,fictional_authored_2026-10-04_v1,D7:calibration:undecided:authored_contrasts,calibration
SYNTH-V1-D7-CALIBRATION-031,D7,I don't understand how a balance differs from a repayment.,confusion,,fictional_authored_2026-10-04_v1,D7:calibration:confusion:authored_contrasts,calibration
SYNTH-V1-D7-CALIBRATION-032,D7,Explain keeping up without difficulty in plain language.,confusion,,fictional_authored_2026-10-04_v1,D7:calibration:confusion:authored_contrasts,calibration
SYNTH-V1-D7-CALIBRATION-033,D7,Does overdue mean a debt exists? I'm confused by that term.,confusion,,fictional_authored_2026-10-04_v1,D7:calibration:confusion:authored_contrasts,calibration
SYNTH-V1-D7-CALIBRATION-034,D7,I can't follow whether this asks about my debt amount or payments.,confusion,,fictional_authored_2026-10-04_v1,D7:calibration:confusion:authored_contrasts,calibration
SYNTH-V1-D7-CALIBRATION-035,D7,I need assistance with this repayment question before answering.,confusion,,fictional_authored_2026-10-04_v1,D7:calibration:confusion:authored_contrasts,calibration
SYNTH-V1-D7-CALIBRATION-036,D7,What does required mean in these payment choices?,confusion,,fictional_authored_2026-10-04_v1,D7:calibration:confusion:authored_contrasts,calibration
SYNTH-V1-D7-CALIBRATION-037,D7,Please explain the phrase in arrears.,confusion,,fictional_authored_2026-10-04_v1,D7:calibration:confusion:authored_contrasts,calibration
SYNTH-V1-D7-CALIBRATION-038,D7,Can you name the moons of Jupiter?,confusion,,fictional_authored_2026-10-04_v1,D7:calibration:confusion:authored_contrasts,calibration
SYNTH-V1-D7-CALIBRATION-039,D7,Seven carpets whistle politely.,confusion,,fictional_authored_2026-10-04_v1,D7:calibration:confusion:authored_contrasts,calibration
SYNTH-V1-D7-CALIBRATION-040,D7,I don't understand the payment-status wording.,confusion,,fictional_authored_2026-10-04_v1,D7:calibration:confusion:authored_contrasts,calibration
SYNTH-V1-D8-CALIBRATION-041,D8,"I understand personal ownership, but cannot recall what investments I actually held.",undecided,,fictional_authored_2026-10-04_v1,D8:calibration:undecided:authored_contrasts,calibration
SYNTH-V1-D8-CALIBRATION-042,D8,"None of these types fits, and I haven't named a different personal investment.",undecided,,fictional_authored_2026-10-04_v1,D8:calibration:undecided:authored_contrasts,calibration
SYNTH-V1-D8-CALIBRATION-043,D8,I followed crypto news; I haven't established any personal holdings.,undecided,,fictional_authored_2026-10-04_v1,D8:calibration:undecided:authored_contrasts,calibration
SYNTH-V1-D8-CALIBRATION-044,D8,"My sister owns ETFs, while my own ownership history is unspecified.",undecided,,fictional_authored_2026-10-04_v1,D8:calibration:undecided:authored_contrasts,calibration
SYNTH-V1-D8-CALIBRATION-045,D8,The thing I held had a product name I cannot identify.,undecided,,fictional_authored_2026-10-04_v1,D8:calibration:undecided:authored_contrasts,calibration
SYNTH-V1-D8-CALIBRATION-046,D8,"I have not traded recently, but haven't said whether I ever owned investments.",undecided,,fictional_authored_2026-10-04_v1,D8:calibration:undecided:authored_contrasts,calibration
SYNTH-V1-D8-CALIBRATION-047,D8,"Maybe I held something through work, though I don't know what it was or whether it belonged to me.",undecided,,fictional_authored_2026-10-04_v1,D8:calibration:undecided:authored_contrasts,calibration
SYNTH-V1-D8-CALIBRATION-048,D8,I personally owned bonds and have never personally owned any investment.,undecided,,fictional_authored_2026-10-04_v1,D8:calibration:undecided:authored_contrasts,calibration
SYNTH-V1-D8-CALIBRATION-049,D8,I know the question but prefer not to disclose my holding history.,undecided,,fictional_authored_2026-10-04_v1,D8:calibration:undecided:authored_contrasts,calibration
SYNTH-V1-D8-CALIBRATION-050,D8,"I help a friend's portfolio, but haven't described investments personally owned by me.",undecided,,fictional_authored_2026-10-04_v1,D8:calibration:undecided:authored_contrasts,calibration
SYNTH-V1-D8-CALIBRATION-051,D8,I do not understand what counts as an investment type.,confusion,,fictional_authored_2026-10-04_v1,D8:calibration:confusion:authored_contrasts,calibration
SYNTH-V1-D8-CALIBRATION-052,D8,Can you explain the difference between a fund and its pension wrapper?,confusion,,fictional_authored_2026-10-04_v1,D8:calibration:confusion:authored_contrasts,calibration
SYNTH-V1-D8-CALIBRATION-053,D8,I think following share prices means I held the shares; is that what ownership means?,confusion,,fictional_authored_2026-10-04_v1,D8:calibration:confusion:authored_contrasts,calibration
SYNTH-V1-D8-CALIBRATION-054,D8,"A savings deposit at the bank is a market investment that I held, right? I don't understand the distinction.",confusion,,fictional_authored_2026-10-04_v1,D8:calibration:confusion:authored_contrasts,calibration
SYNTH-V1-D8-CALIBRATION-055,D8,Help me answer this investment-holding question before I give a response.,confusion,,fictional_authored_2026-10-04_v1,D8:calibration:confusion:authored_contrasts,calibration
SYNTH-V1-D8-CALIBRATION-056,D8,What is beneficial ownership?,confusion,,fictional_authored_2026-10-04_v1,D8:calibration:confusion:authored_contrasts,calibration
SYNTH-V1-D8-CALIBRATION-057,D8,I don't understand what an ETF is.,confusion,,fictional_authored_2026-10-04_v1,D8:calibration:confusion:authored_contrasts,calibration
SYNTH-V1-D8-CALIBRATION-058,D8,Could you explain the rules of rugby?,confusion,,fictional_authored_2026-10-04_v1,D8:calibration:confusion:authored_contrasts,calibration
SYNTH-V1-D8-CALIBRATION-059,D8,Silver pencils sleep in rivers.,confusion,,fictional_authored_2026-10-04_v1,D8:calibration:confusion:authored_contrasts,calibration
SYNTH-V1-D8-CALIBRATION-060,D8,I can't follow the meaning of a managed portfolio.,confusion,,fictional_authored_2026-10-04_v1,D8:calibration:confusion:authored_contrasts,calibration
SYNTH-V1-D9-CALIBRATION-021,D9,I understand the trade-count question but don't know the total for twelve months.,undecided,,fictional_authored_2026-10-04_v1,D9:calibration:undecided:authored_contrasts,calibration
SYNTH-V1-D9-CALIBRATION-022,D9,None of the activity bands fits what I can establish; I haven't selected a count.,undecided,,fictional_authored_2026-10-04_v1,D9:calibration:undecided:authored_contrasts,calibration
SYNTH-V1-D9-CALIBRATION-023,D9,My friend made seven trades; I haven't identified my own activity.,undecided,,fictional_authored_2026-10-04_v1,D9:calibration:undecided:authored_contrasts,calibration
SYNTH-V1-D9-CALIBRATION-024,D9,"I made twenty lifetime transactions, but haven't stated the past-year number.",undecided,,fictional_authored_2026-10-04_v1,D9:calibration:undecided:authored_contrasts,calibration
SYNTH-V1-D9-CALIBRATION-025,D9,"I may have instructed an order, but I don't know whether it actually bought or sold an investment.",undecided,,fictional_authored_2026-10-04_v1,D9:calibration:undecided:authored_contrasts,calibration
SYNTH-V1-D9-CALIBRATION-026,D9,The manager traded inside my pension; I haven't identified my own qualifying orders.,undecided,,fictional_authored_2026-10-04_v1,D9:calibration:undecided:authored_contrasts,calibration
SYNTH-V1-D9-CALIBRATION-027,D9,I made between ten and twelve investment purchases or sales over the past year.,undecided,,fictional_authored_2026-10-04_v1,D9:calibration:undecided:authored_contrasts,calibration
SYNTH-V1-D9-CALIBRATION-028,D9,"No qualifying transaction happened in twelve months, and I personally made three in those same months.",undecided,,fictional_authored_2026-10-04_v1,D9:calibration:undecided:authored_contrasts,calibration
SYNTH-V1-D9-CALIBRATION-029,D9,"Maybe none in the past year, but I am not certain enough to say zero.",undecided,,fictional_authored_2026-10-04_v1,D9:calibration:undecided:authored_contrasts,calibration
SYNTH-V1-D9-CALIBRATION-030,D9,I know what to count but prefer not to disclose my past-year activity.,undecided,,fictional_authored_2026-10-04_v1,D9:calibration:undecided:authored_contrasts,calibration
SYNTH-V1-D9-CALIBRATION-031,D9,I don't understand which transactions qualify.,confusion,,fictional_authored_2026-10-04_v1,D9:calibration:confusion:authored_contrasts,calibration
SYNTH-V1-D9-CALIBRATION-032,D9,Does paying my electricity bill count as an investment sale? I am confused.,confusion,,fictional_authored_2026-10-04_v1,D9:calibration:confusion:authored_contrasts,calibration
SYNTH-V1-D9-CALIBRATION-033,D9,I count all the trades a fund manager made as purchases I personally instructed.,confusion,,fictional_authored_2026-10-04_v1,D9:calibration:confusion:authored_contrasts,calibration
SYNTH-V1-D9-CALIBRATION-034,D9,Explain the difference between a bank transfer and buying an investment.,confusion,,fictional_authored_2026-10-04_v1,D9:calibration:confusion:authored_contrasts,calibration
SYNTH-V1-D9-CALIBRATION-035,D9,I need help understanding the activity question.,confusion,,fictional_authored_2026-10-04_v1,D9:calibration:confusion:authored_contrasts,calibration
SYNTH-V1-D9-CALIBRATION-036,D9,What does instructed mean in relation to an order?,confusion,,fictional_authored_2026-10-04_v1,D9:calibration:confusion:authored_contrasts,calibration
SYNTH-V1-D9-CALIBRATION-037,D9,I can't follow why recurring investment orders are counted.,confusion,,fictional_authored_2026-10-04_v1,D9:calibration:confusion:authored_contrasts,calibration
SYNTH-V1-D9-CALIBRATION-038,D9,Can you find a map of Edinburgh?,confusion,,fictional_authored_2026-10-04_v1,D9:calibration:confusion:authored_contrasts,calibration
SYNTH-V1-D9-CALIBRATION-039,D9,My teapot learned subtraction.,confusion,,fictional_authored_2026-10-04_v1,D9:calibration:confusion:authored_contrasts,calibration
SYNTH-V1-D9-CALIBRATION-040,D9,I don't understand the time period this question is asking about.,confusion,,fictional_authored_2026-10-04_v1,D9:calibration:confusion:authored_contrasts,calibration
SYNTH-V1-D10-CALIBRATION-026,D10,I understand the contribution definition but don't know last year's actual invested amount.,undecided,,fictional_authored_2026-10-04_v1,D10:calibration:undecided:authored_contrasts,calibration
SYNTH-V1-D10-CALIBRATION-027,D10,None of these fits what I can establish; no contribution band selected.,undecided,,fictional_authored_2026-10-04_v1,D10:calibration:undecided:authored_contrasts,calibration
SYNTH-V1-D10-CALIBRATION-028,D10,My sister invested EUR 7000 of new funds last year; I haven't stated mine.,undecided,,fictional_authored_2026-10-04_v1,D10:calibration:undecided:authored_contrasts,calibration
SYNTH-V1-D10-CALIBRATION-029,D10,"I contributed GBP 3000 two years ago, but haven't given an amount for the past twelve months.",undecided,,fictional_authored_2026-10-04_v1,D10:calibration:undecided:authored_contrasts,calibration
SYNTH-V1-D10-CALIBRATION-030,D10,"I transferred GBP 2000 to the investment account, but cannot confirm whether it was invested.",undecided,,fictional_authored_2026-10-04_v1,D10:calibration:undecided:authored_contrasts,calibration
SYNTH-V1-D10-CALIBRATION-031,D10,"The new money invested in the past year was 4000, with currency unspecified.",undecided,,fictional_authored_2026-10-04_v1,D10:calibration:undecided:authored_contrasts,calibration
SYNTH-V1-D10-CALIBRATION-032,D10,Between GBP 900 and GBP 1100 of outside money was invested last year.,undecided,,fictional_authored_2026-10-04_v1,D10:calibration:undecided:authored_contrasts,calibration
SYNTH-V1-D10-CALIBRATION-033,D10,My current value is EUR 15000; the new external contribution over the year is unknown.,undecided,,fictional_authored_2026-10-04_v1,D10:calibration:undecided:authored_contrasts,calibration
SYNTH-V1-D10-CALIBRATION-034,D10,"Maybe no new money was actually invested over twelve months, but I haven't checked.",undecided,,fictional_authored_2026-10-04_v1,D10:calibration:undecided:authored_contrasts,calibration
SYNTH-V1-D10-CALIBRATION-035,D10,"No external money was invested this past year, and GBP 6000 of new external funds was invested in that same year.",undecided,,fictional_authored_2026-10-04_v1,D10:calibration:undecided:authored_contrasts,calibration
SYNTH-V1-D10-CALIBRATION-036,D10,I don't understand the meaning of a contribution.,confusion,,fictional_authored_2026-10-04_v1,D10:calibration:confusion:authored_contrasts,calibration
SYNTH-V1-D10-CALIBRATION-037,D10,Do investment profits count as money I put in? I'm confused.,confusion,,fictional_authored_2026-10-04_v1,D10:calibration:confusion:authored_contrasts,calibration
SYNTH-V1-D10-CALIBRATION-038,D10,I think all sale proceeds invested again count as fresh external money.,confusion,,fictional_authored_2026-10-04_v1,D10:calibration:confusion:authored_contrasts,calibration
SYNTH-V1-D10-CALIBRATION-039,D10,Explain the difference between current portfolio value and new contributions.,confusion,,fictional_authored_2026-10-04_v1,D10:calibration:confusion:authored_contrasts,calibration
SYNTH-V1-D10-CALIBRATION-040,D10,Help me with this new-money question before I answer.,confusion,,fictional_authored_2026-10-04_v1,D10:calibration:confusion:authored_contrasts,calibration
SYNTH-V1-D10-CALIBRATION-041,D10,"What does actually invested mean, rather than transferred?",confusion,,fictional_authored_2026-10-04_v1,D10:calibration:confusion:authored_contrasts,calibration
SYNTH-V1-D10-CALIBRATION-042,D10,I don't understand why the manager's trades aren't new money I contributed.,confusion,,fictional_authored_2026-10-04_v1,D10:calibration:confusion:authored_contrasts,calibration
SYNTH-V1-D10-CALIBRATION-043,D10,Please tell me about Roman roads.,confusion,,fictional_authored_2026-10-04_v1,D10:calibration:confusion:authored_contrasts,calibration
SYNTH-V1-D10-CALIBRATION-044,D10,A turquoise calendar hums softly.,confusion,,fictional_authored_2026-10-04_v1,D10:calibration:confusion:authored_contrasts,calibration
SYNTH-V1-D10-CALIBRATION-045,D10,I can't follow which money you're asking me to count.,confusion,,fictional_authored_2026-10-04_v1,D10:calibration:confusion:authored_contrasts,calibration
SYNTH-V1-D11-CALIBRATION-016,D11,I understand the question's wording but haven't settled what I believe about permanent loss.,undecided,,fictional_authored_2026-10-04_v1,D11:calibration:undecided:authored_contrasts,calibration
SYNTH-V1-D11-CALIBRATION-017,D11,"Maybe the original money is protected, maybe it isn't; I am uncertain.",undecided,,fictional_authored_2026-10-04_v1,D11:calibration:undecided:authored_contrasts,calibration
SYNTH-V1-D11-CALIBRATION-018,D11,"My partner believes every fall recovers, but I haven't said my own belief.",undecided,,fictional_authored_2026-10-04_v1,D11:calibration:undecided:authored_contrasts,calibration
SYNTH-V1-D11-CALIBRATION-019,D11,"My previous investment recovered, but I don't know whether that says anything about every future fall.",undecided,,fictional_authored_2026-10-04_v1,D11:calibration:undecided:authored_contrasts,calibration
SYNTH-V1-D11-CALIBRATION-020,D11,"I know original money can fall, although I cannot say whether the loss could be permanent.",undecided,,fictional_authored_2026-10-04_v1,D11:calibration:undecided:authored_contrasts,calibration
SYNTH-V1-D11-CALIBRATION-021,D11,Some capital can be permanently lost and all capital is guaranteed protected from falling.,undecided,,fictional_authored_2026-10-04_v1,D11:calibration:undecided:authored_contrasts,calibration
SYNTH-V1-D11-CALIBRATION-022,D11,"Yes, I acknowledge your explanation, but I cannot put the meaning in my own words yet.",undecided,,fictional_authored_2026-10-04_v1,D11:calibration:undecided:authored_contrasts,calibration
SYNTH-V1-D11-CALIBRATION-023,D11,None of the belief choices fits what I can currently say.,undecided,,fictional_authored_2026-10-04_v1,D11:calibration:undecided:authored_contrasts,calibration
SYNTH-V1-D11-CALIBRATION-024,D11,"I am unsure what happens to starting money after a market fall, though I understand the terms.",undecided,,fictional_authored_2026-10-04_v1,D11:calibration:undecided:authored_contrasts,calibration
SYNTH-V1-D11-CALIBRATION-025,D11,"I know the choices, but don't want to disclose my belief.",undecided,,fictional_authored_2026-10-04_v1,D11:calibration:undecided:authored_contrasts,calibration
SYNTH-V1-D11-CALIBRATION-026,D11,I don't understand what original money refers to.,confusion,,fictional_authored_2026-10-04_v1,D11:calibration:confusion:authored_contrasts,calibration
SYNTH-V1-D11-CALIBRATION-027,D11,Please explain the term recovery in this investment context.,confusion,,fictional_authored_2026-10-04_v1,D11:calibration:confusion:authored_contrasts,calibration
SYNTH-V1-D11-CALIBRATION-028,D11,I can't follow the difference between permanent and temporary loss.,confusion,,fictional_authored_2026-10-04_v1,D11:calibration:confusion:authored_contrasts,calibration
SYNTH-V1-D11-CALIBRATION-029,D11,"I am describing a protected bank deposit, not engaging with your market-investment question.",confusion,,fictional_authored_2026-10-04_v1,D11:calibration:confusion:authored_contrasts,calibration
SYNTH-V1-D11-CALIBRATION-030,D11,Help me understand the premise before I state any belief.,confusion,,fictional_authored_2026-10-04_v1,D11:calibration:confusion:authored_contrasts,calibration
SYNTH-V1-D11-CALIBRATION-031,D11,What does capital mean in this sentence?,confusion,,fictional_authored_2026-10-04_v1,D11:calibration:confusion:authored_contrasts,calibration
SYNTH-V1-D11-CALIBRATION-032,D11,I don't get how values can rise and fall.,confusion,,fictional_authored_2026-10-04_v1,D11:calibration:confusion:authored_contrasts,calibration
SYNTH-V1-D11-CALIBRATION-033,D11,Can you suggest a walking route?,confusion,,fictional_authored_2026-10-04_v1,D11:calibration:confusion:authored_contrasts,calibration
SYNTH-V1-D11-CALIBRATION-034,D11,The velvet staircase drinks the moon.,confusion,,fictional_authored_2026-10-04_v1,D11:calibration:confusion:authored_contrasts,calibration
SYNTH-V1-D11-CALIBRATION-035,D11,Your question about permanent loss has me confused about its meaning.,confusion,,fictional_authored_2026-10-04_v1,D11:calibration:confusion:authored_contrasts,calibration
SYNTH-V1-D12-CALIBRATION-016,D12,I understand the need-date question but cannot identify the first realistic requirement.,undecided,,fictional_authored_2026-10-04_v1,D12:calibration:undecided:authored_contrasts,calibration
SYNTH-V1-D12-CALIBRATION-017,D12,My ideal retirement date is twelve years away; I don't know whether this money might realistically be needed earlier.,undecided,,fictional_authored_2026-10-04_v1,D12:calibration:undecided:authored_contrasts,calibration
SYNTH-V1-D12-CALIBRATION-018,D12,"It could be any time, but I haven't distinguished a realistic need from an imaginable possibility.",undecided,,fictional_authored_2026-10-04_v1,D12:calibration:undecided:authored_contrasts,calibration
SYNTH-V1-D12-CALIBRATION-019,D12,My father needs his money in two years. I haven't said when mine is realistically needed.,undecided,,fictional_authored_2026-10-04_v1,D12:calibration:undecided:authored_contrasts,calibration
SYNTH-V1-D12-CALIBRATION-020,D12,"I needed some savings last year, but haven't stated a future need for this agreed amount.",undecided,,fictional_authored_2026-10-04_v1,D12:calibration:undecided:authored_contrasts,calibration
SYNTH-V1-D12-CALIBRATION-021,D12,The account matures in five years; I haven't identified when I will realistically need the money.,undecided,,fictional_authored_2026-10-04_v1,D12:calibration:undecided:authored_contrasts,calibration
SYNTH-V1-D12-CALIBRATION-022,D12,Earliest realistic need is between nine and eleven years from now.,undecided,,fictional_authored_2026-10-04_v1,D12:calibration:undecided:authored_contrasts,calibration
SYNTH-V1-D12-CALIBRATION-023,D12,This pot has no realistic need within ten years and has a definite needed payment in one year.,undecided,,fictional_authored_2026-10-04_v1,D12:calibration:undecided:authored_contrasts,calibration
SYNTH-V1-D12-CALIBRATION-024,D12,"I have no chosen withdrawal date, and cannot establish the earliest realistic need.",undecided,,fictional_authored_2026-10-04_v1,D12:calibration:undecided:authored_contrasts,calibration
SYNTH-V1-D12-CALIBRATION-025,D12,I call it emergency money but don't know when a realistic need might arise.,undecided,,fictional_authored_2026-10-04_v1,D12:calibration:undecided:authored_contrasts,calibration
SYNTH-V1-D12-CALIBRATION-026,D12,I'm confused by what realistic need means.,confusion,,fictional_authored_2026-10-04_v1,D12:calibration:confusion:authored_contrasts,calibration
SYNTH-V1-D12-CALIBRATION-027,D12,Could you explain earliest in relation to several parts of the money?,confusion,,fictional_authored_2026-10-04_v1,D12:calibration:confusion:authored_contrasts,calibration
SYNTH-V1-D12-CALIBRATION-028,D12,I don't understand whether this asks when I want growth or when I need access.,confusion,,fictional_authored_2026-10-04_v1,D12:calibration:confusion:authored_contrasts,calibration
SYNTH-V1-D12-CALIBRATION-029,D12,What does an included portion mean in the timing question?,confusion,,fictional_authored_2026-10-04_v1,D12:calibration:confusion:authored_contrasts,calibration
SYNTH-V1-D12-CALIBRATION-030,D12,Help me understand the need-date question before I answer.,confusion,,fictional_authored_2026-10-04_v1,D12:calibration:confusion:authored_contrasts,calibration
SYNTH-V1-D12-CALIBRATION-031,D12,I can't follow the difference between maturity and a need date.,confusion,,fictional_authored_2026-10-04_v1,D12:calibration:confusion:authored_contrasts,calibration
SYNTH-V1-D12-CALIBRATION-032,D12,Explain why an ideal holding period isn't automatically a realistic need.,confusion,,fictional_authored_2026-10-04_v1,D12:calibration:confusion:authored_contrasts,calibration
SYNTH-V1-D12-CALIBRATION-033,D12,What breed is that dog?,confusion,,fictional_authored_2026-10-04_v1,D12:calibration:confusion:authored_contrasts,calibration
SYNTH-V1-D12-CALIBRATION-034,D12,A silent pancake measures thunder.,confusion,,fictional_authored_2026-10-04_v1,D12:calibration:confusion:authored_contrasts,calibration
SYNTH-V1-D12-CALIBRATION-035,D12,I don't get the wording about any of this money.,confusion,,fictional_authored_2026-10-04_v1,D12:calibration:confusion:authored_contrasts,calibration
SYNTH-V1-D13-CALIBRATION-016,D13,I understand the hypothetical but don't know what would change in paying costs or plans.,undecided,,fictional_authored_2026-10-04_v1,D13:calibration:undecided:authored_contrasts,calibration
SYNTH-V1-D13-CALIBRATION-017,D13,"My essential bills would still be paid, but I haven't worked out funding sources or other plans.",undecided,,fictional_authored_2026-10-04_v1,D13:calibration:undecided:authored_contrasts,calibration
SYNTH-V1-D13-CALIBRATION-018,D13,I would worry about the loss; I haven't identified its practical consequences.,undecided,,fictional_authored_2026-10-04_v1,D13:calibration:undecided:authored_contrasts,calibration
SYNTH-V1-D13-CALIBRATION-019,D13,My friend says his budget is unchanged after a loss; I haven't described my own impact.,undecided,,fictional_authored_2026-10-04_v1,D13:calibration:undecided:authored_contrasts,calibration
SYNTH-V1-D13-CALIBRATION-020,D13,"A past loss was manageable, but I don't know the impact of this specified 20% loss now.",undecided,,fictional_authored_2026-10-04_v1,D13:calibration:undecided:authored_contrasts,calibration
SYNTH-V1-D13-CALIBRATION-021,D13,"I would be okay if the money recovered, but I don't know the practical effect without recovery.",undecided,,fictional_authored_2026-10-04_v1,D13:calibration:undecided:authored_contrasts,calibration
SYNTH-V1-D13-CALIBRATION-022,D13,"No budget or plan changes would occur, and I would cancel an included planned purchase because of the same loss.",undecided,,fictional_authored_2026-10-04_v1,D13:calibration:undecided:authored_contrasts,calibration
SYNTH-V1-D13-CALIBRATION-023,D13,"Maybe some costs become hard to pay, but I can't establish whether any essential cost is affected.",undecided,,fictional_authored_2026-10-04_v1,D13:calibration:undecided:authored_contrasts,calibration
SYNTH-V1-D13-CALIBRATION-024,D13,None of those impact categories fits what I can say at present.,undecided,,fictional_authored_2026-10-04_v1,D13:calibration:undecided:authored_contrasts,calibration
SYNTH-V1-D13-CALIBRATION-025,D13,I understand the request but would rather not disclose the practical effect.,undecided,,fictional_authored_2026-10-04_v1,D13:calibration:undecided:authored_contrasts,calibration
SYNTH-V1-D13-CALIBRATION-026,D13,I don't understand how much losing a fifth means.,confusion,,fictional_authored_2026-10-04_v1,D13:calibration:confusion:authored_contrasts,calibration
SYNTH-V1-D13-CALIBRATION-027,D13,Could you explain essential costs in this loss question?,confusion,,fictional_authored_2026-10-04_v1,D13:calibration:confusion:authored_contrasts,calibration
SYNTH-V1-D13-CALIBRATION-028,D13,I can't follow whether you're asking about feelings or changes to paying bills.,confusion,,fictional_authored_2026-10-04_v1,D13:calibration:confusion:authored_contrasts,calibration
SYNTH-V1-D13-CALIBRATION-029,D13,What is the difference between changing a budget and an essential cost being hard to pay?,confusion,,fictional_authored_2026-10-04_v1,D13:calibration:confusion:authored_contrasts,calibration
SYNTH-V1-D13-CALIBRATION-030,D13,Help me understand this hypothetical before I give an answer.,confusion,,fictional_authored_2026-10-04_v1,D13:calibration:confusion:authored_contrasts,calibration
SYNTH-V1-D13-CALIBRATION-031,D13,I don't understand what known plans means.,confusion,,fictional_authored_2026-10-04_v1,D13:calibration:confusion:authored_contrasts,calibration
SYNTH-V1-D13-CALIBRATION-032,D13,Explain the idea of funding arrangements in simpler words.,confusion,,fictional_authored_2026-10-04_v1,D13:calibration:confusion:authored_contrasts,calibration
SYNTH-V1-D13-CALIBRATION-033,D13,Can you recommend a science-fiction film?,confusion,,fictional_authored_2026-10-04_v1,D13:calibration:confusion:authored_contrasts,calibration
SYNTH-V1-D13-CALIBRATION-034,D13,A cardboard melody floats underground.,confusion,,fictional_authored_2026-10-04_v1,D13:calibration:confusion:authored_contrasts,calibration
SYNTH-V1-D13-CALIBRATION-035,D13,I cannot understand the scenario where part of this money is lost.,confusion,,fictional_authored_2026-10-04_v1,D13:calibration:confusion:authored_contrasts,calibration
SYNTH-V1-D14-CALIBRATION-016,D14,"I know what each trade-off means, but I remain undecided between them.",undecided,,fictional_authored_2026-10-04_v1,D14:calibration:undecided:authored_contrasts,calibration
SYNTH-V1-D14-CALIBRATION-017,D14,Either might be fine; I haven't deliberately chosen a balance.,undecided,,fictional_authored_2026-10-04_v1,D14:calibration:undecided:authored_contrasts,calibration
SYNTH-V1-D14-CALIBRATION-018,D14,My partner wants greater growth. I haven't stated my own preference.,undecided,,fictional_authored_2026-10-04_v1,D14:calibration:undecided:authored_contrasts,calibration
SYNTH-V1-D14-CALIBRATION-019,D14,"I used to favour smaller swings, but don't know what I want for this money now.",undecided,,fictional_authored_2026-10-04_v1,D14:calibration:undecided:authored_contrasts,calibration
SYNTH-V1-D14-CALIBRATION-020,D14,"I want more growth, though I haven't decided whether larger movements and permanent loss are acceptable.",undecided,,fictional_authored_2026-10-04_v1,D14:calibration:undecided:authored_contrasts,calibration
SYNTH-V1-D14-CALIBRATION-021,D14,"I can take some risk, but haven't specified the growth and fluctuation trade-off.",undecided,,fictional_authored_2026-10-04_v1,D14:calibration:undecided:authored_contrasts,calibration
SYNTH-V1-D14-CALIBRATION-022,D14,I want maximum possible growth with no ups and downs and absolutely no possibility of loss.,undecided,,fictional_authored_2026-10-04_v1,D14:calibration:undecided:authored_contrasts,calibration
SYNTH-V1-D14-CALIBRATION-023,D14,None of these fits what I can choose; I am leaving the preference unresolved.,undecided,,fictional_authored_2026-10-04_v1,D14:calibration:undecided:authored_contrasts,calibration
SYNTH-V1-D14-CALIBRATION-024,D14,I understand the options but prefer not to state a trade-off.,undecided,,fictional_authored_2026-10-04_v1,D14:calibration:undecided:authored_contrasts,calibration
SYNTH-V1-D14-CALIBRATION-025,D14,I'm nervous and don't know which preference to select despite understanding them.,undecided,,fictional_authored_2026-10-04_v1,D14:calibration:undecided:authored_contrasts,calibration
SYNTH-V1-D14-CALIBRATION-026,D14,I can't follow what greater potential growth means.,confusion,,fictional_authored_2026-10-04_v1,D14:calibration:confusion:authored_contrasts,calibration
SYNTH-V1-D14-CALIBRATION-027,D14,Please explain fluctuations before I answer.,confusion,,fictional_authored_2026-10-04_v1,D14:calibration:confusion:authored_contrasts,calibration
SYNTH-V1-D14-CALIBRATION-028,D14,I don't understand how smaller movements can still allow loss.,confusion,,fictional_authored_2026-10-04_v1,D14:calibration:confusion:authored_contrasts,calibration
SYNTH-V1-D14-CALIBRATION-029,D14,What is a deliberate balance in this preference question?,confusion,,fictional_authored_2026-10-04_v1,D14:calibration:confusion:authored_contrasts,calibration
SYNTH-V1-D14-CALIBRATION-030,D14,Help me understand the trade-off choices first.,confusion,,fictional_authored_2026-10-04_v1,D14:calibration:confusion:authored_contrasts,calibration
SYNTH-V1-D14-CALIBRATION-031,D14,I thought potential growth was guaranteed; I don't understand this term.,confusion,,fictional_authored_2026-10-04_v1,D14:calibration:confusion:authored_contrasts,calibration
SYNTH-V1-D14-CALIBRATION-032,D14,Explain permanent loss as used in these preferences.,confusion,,fictional_authored_2026-10-04_v1,D14:calibration:confusion:authored_contrasts,calibration
SYNTH-V1-D14-CALIBRATION-033,D14,Can you tell me about chess openings?,confusion,,fictional_authored_2026-10-04_v1,D14:calibration:confusion:authored_contrasts,calibration
SYNTH-V1-D14-CALIBRATION-034,D14,The blue suitcase grows triangles.,confusion,,fictional_authored_2026-10-04_v1,D14:calibration:confusion:authored_contrasts,calibration
SYNTH-V1-D14-CALIBRATION-035,D14,I don't understand whether the choices are about what I want or what I can afford.,confusion,,fictional_authored_2026-10-04_v1,D14:calibration:confusion:authored_contrasts,calibration
SYNTH-V1-D15-CALIBRATION-016,D15,"I understand the example, but I have not decided whether the feeling would be acceptable.",undecided,,fictional_authored_2026-10-04_v1,D15:calibration:undecided:authored_contrasts,calibration
SYNTH-V1-D15-CALIBRATION-017,D15,"I would worry about twenty percent falling, but can't say if I could accept it emotionally.",undecided,,fictional_authored_2026-10-04_v1,D15:calibration:undecided:authored_contrasts,calibration
SYNTH-V1-D15-CALIBRATION-018,D15,My father feels comfortable with his losses; I haven't identified my feelings in your example.,undecided,,fictional_authored_2026-10-04_v1,D15:calibration:undecided:authored_contrasts,calibration
SYNTH-V1-D15-CALIBRATION-019,D15,"I felt okay after a previous loss, but do not know my reaction to this covered-cost scenario.",undecided,,fictional_authored_2026-10-04_v1,D15:calibration:undecided:authored_contrasts,calibration
SYNTH-V1-D15-CALIBRATION-020,D15,I cannot engage with a premise where all costs and plans stay covered; my feeling remains unknown.,undecided,,fictional_authored_2026-10-04_v1,D15:calibration:undecided:authored_contrasts,calibration
SYNTH-V1-D15-CALIBRATION-021,D15,"I could accept it if full recovery were certain, but cannot say how I feel without that guarantee.",undecided,,fictional_authored_2026-10-04_v1,D15:calibration:undecided:authored_contrasts,calibration
SYNTH-V1-D15-CALIBRATION-022,D15,In the same covered-cost example I would be too uncomfortable to accept and emotionally comfortable with little worry.,undecided,,fictional_authored_2026-10-04_v1,D15:calibration:undecided:authored_contrasts,calibration
SYNTH-V1-D15-CALIBRATION-023,D15,None of the feeling categories fits what I can currently express.,undecided,,fictional_authored_2026-10-04_v1,D15:calibration:undecided:authored_contrasts,calibration
SYNTH-V1-D15-CALIBRATION-024,D15,I know the question but don't want to share an emotional response.,undecided,,fictional_authored_2026-10-04_v1,D15:calibration:undecided:authored_contrasts,calibration
SYNTH-V1-D15-CALIBRATION-025,D15,"It would be bad, but I cannot identify worry, comfort or emotional acceptability.",undecided,,fictional_authored_2026-10-04_v1,D15:calibration:undecided:authored_contrasts,calibration
SYNTH-V1-D15-CALIBRATION-026,D15,I don't understand what you mean by feelings only.,confusion,,fictional_authored_2026-10-04_v1,D15:calibration:confusion:authored_contrasts,calibration
SYNTH-V1-D15-CALIBRATION-027,D15,Could you explain what covered essentials means in this imaginary example?,confusion,,fictional_authored_2026-10-04_v1,D15:calibration:confusion:authored_contrasts,calibration
SYNTH-V1-D15-CALIBRATION-028,D15,I can't follow how this is different from the question about paying bills.,confusion,,fictional_authored_2026-10-04_v1,D15:calibration:confusion:authored_contrasts,calibration
SYNTH-V1-D15-CALIBRATION-029,D15,What does little worry mean compared with accepting worry?,confusion,,fictional_authored_2026-10-04_v1,D15:calibration:confusion:authored_contrasts,calibration
SYNTH-V1-D15-CALIBRATION-030,D15,Help me understand the feelings choices before I answer.,confusion,,fictional_authored_2026-10-04_v1,D15:calibration:confusion:authored_contrasts,calibration
SYNTH-V1-D15-CALIBRATION-031,D15,I don't understand how to imagine a fall without assured recovery.,confusion,,fictional_authored_2026-10-04_v1,D15:calibration:confusion:authored_contrasts,calibration
SYNTH-V1-D15-CALIBRATION-032,D15,Please define emotionally unacceptable in plain language.,confusion,,fictional_authored_2026-10-04_v1,D15:calibration:confusion:authored_contrasts,calibration
SYNTH-V1-D15-CALIBRATION-033,D15,Can you describe the history of steamships?,confusion,,fictional_authored_2026-10-04_v1,D15:calibration:confusion:authored_contrasts,calibration
SYNTH-V1-D15-CALIBRATION-034,D15,The copper cloud folds a sandwich.,confusion,,fictional_authored_2026-10-04_v1,D15:calibration:confusion:authored_contrasts,calibration
SYNTH-V1-D15-CALIBRATION-035,D15,I don't understand the premise that plans stay covered.,confusion,,fictional_authored_2026-10-04_v1,D15:calibration:confusion:authored_contrasts,calibration
